date,pid,latitude,longitude,key,gps_furuno_latitude,gps_furuno_longitude,offset
2018-01-31 17:43:00+00:00,http://ifcb-data.whoi.edu/NESLTER_transect/D20180131T174321_IFCB109,41.2125,-70.9224,D20180131T174321_IFCB109,41.2125,-70.9224,0
2018-01-31 18:06:00+00:00,http://ifcb-data.whoi.edu/NESLTER_transect/D20180131T180620_IFCB109,41.1975,-70.8792,D20180131T180620_IFCB109,41.1975,-70.8792,0
2018-01-31 18:30:00+00:00,http://ifcb-data.whoi.edu/NESLTER_transect/D20180131T182933_IFCB109,41.1932,-70.8755,D20180131T182933_IFCB109,41.1924,-70.8756,89
2018-01-31 18:43:00+00:00,http://ifcb-data.whoi.edu/NESLTER_transect/D20180131T184315_IFCB109,41.1987,-70.8848,D20180131T184315_IFCB109,41.1987,-70.8848,0
2018-01-31 19:06:00+00:00,http://ifcb-data.whoi.edu/NESLTER_transect/D20180131T190627_IFCB109,41.1972,-70.8812,D20180131T190627_IFCB109,41.1972,-70.8812,0
2018-01-31 20:11:00+00:00,http://ifcb-data.whoi.edu/NESLTER_transect/D20180131T201102_IFCB109,41.196999999999996,-70.885,D20180131T201102_IFCB109,41.197,-70.885,0
2018-01-31 20:29:00+00:00,http://ifcb-data.whoi.edu/NESLTER_transect/D20180131T202832_IFCB109,41.1978,-70.8838,D20180131T202832_IFCB109,41.1979,-70.8837,13
2018-01-31 20:52:00+00:00,http://ifcb-data.whoi.edu/NESLTER_transect/D20180131T205153_IFCB109,41.1925,-70.8829,D20180131T205153_IFCB109,41.1921,-70.883,45
2018-01-31 21:15:00+00:00,http://ifcb-data.whoi.edu/NESLTER_transect/D20180131T211514_IFCB109,41.1987,-70.8814,D20180131T211514_IFCB109,41.1987,-70.8814,0
2018-01-31 21:39:00+00:00,http://ifcb-data.whoi.edu/NESLTER_transect/D20180131T213836_IFCB109,41.196999999999996,-70.8932,D20180131T213836_IFCB109,41.197,-70.8937,41
2018-01-31 22:02:00+00:00,http://ifcb-data.whoi.edu/NESLTER_transect/D20180131T220158_IFCB109,41.1654,-70.891,D20180131T220158_IFCB109,41.163,-70.8907,267
2018-01-31 22:25:00+00:00,http://ifcb-data.whoi.edu/NESLTER_transect/D20180131T222519_IFCB109,41.1073,-70.8855,D20180131T222519_IFCB109,41.1073,-70.8855,0
2018-01-31 22:49:00+00:00,http://ifcb-data.whoi.edu/NESLTER_transect/D20180131T224841_IFCB109,41.0517,-70.8815,D20180131T224841_IFCB109,41.0493,-70.8814,266
2018-01-31 23:12:00+00:00,http://ifcb-data.whoi.edu/NESLTER_transect/D20180131T231202_IFCB109,41.0227,-70.8325,D20180131T231202_IFCB109,41.0227,-70.8325,0
2018-01-31 23:54:00+00:00,http://ifcb-data.whoi.edu/NESLTER_transect/D20180131T235404_IFCB109,41.0306,-70.6837,D20180131T235404_IFCB109,41.0306,-70.6837,0
2018-02-01 00:17:00+00:00,http://ifcb-data.whoi.edu/NESLTER_transect/D20180201T001713_IFCB109,41.0286,-70.6581,D20180201T001713_IFCB109,41.0286,-70.6581,0
2018-02-01 00:40:00+00:00,http://ifcb-data.whoi.edu/NESLTER_transect/D20180201T004022_IFCB109,41.0288,-70.6483,D20180201T004022_IFCB109,41.0288,-70.6483,0
2018-02-01 01:04:00+00:00,http://ifcb-data.whoi.edu/NESLTER_transect/D20180201T010331_IFCB109,41.0302,-70.6861,D20180201T010331_IFCB109,41.0303,-70.6895,286
2018-02-01 01:27:00+00:00,http://ifcb-data.whoi.edu/NESLTER_transect/D20180201T012640_IFCB109,41.0234,-70.7619,D20180201T012640_IFCB109,41.0231,-70.7651,271
2018-02-01 01:54:00+00:00,http://ifcb-data.whoi.edu/NESLTER_transect/D20180201T015407_IFCB109,41.0192,-70.8539,D20180201T015407_IFCB109,41.0192,-70.8539,0
2018-02-01 02:20:00+00:00,http://ifcb-data.whoi.edu/NESLTER_transect/D20180201T021952_IFCB109,41.0235,-70.9364,D20180201T021952_IFCB109,41.0238,-70.9397,279
2018-02-01 02:41:00+00:00,http://ifcb-data.whoi.edu/NESLTER_transect/D20180201T024056_IFCB109,41.0266,-71.0019,D20180201T024056_IFCB109,41.0268,-71.005,261
2018-02-01 03:04:00+00:00,http://ifcb-data.whoi.edu/NESLTER_transect/D20180201T030340_IFCB109,41.0322,-71.0717,D20180201T030340_IFCB109,41.0324,-71.0746,244
2018-02-01 03:26:00+00:00,http://ifcb-data.whoi.edu/NESLTER_transect/D20180201T032624_IFCB109,41.0285,-71.1008,D20180201T032624_IFCB109,41.0285,-71.1008,0
2018-02-01 03:49:00+00:00,http://ifcb-data.whoi.edu/NESLTER_transect/D20180201T034908_IFCB109,41.0224,-71.0893,D20180201T034908_IFCB109,41.0224,-71.0893,0
2018-02-01 04:12:00+00:00,http://ifcb-data.whoi.edu/NESLTER_transect/D20180201T041151_IFCB109,41.0188,-71.0859,D20180201T041151_IFCB109,41.0189,-71.0861,20
2018-02-01 04:35:00+00:00,http://ifcb-data.whoi.edu/NESLTER_transect/D20180201T043435_IFCB109,41.0195,-71.0221,D20180201T043435_IFCB109,41.0197,-71.0183,320
2018-02-01 04:57:00+00:00,http://ifcb-data.whoi.edu/NESLTER_transect/D20180201T045719_IFCB109,41.0231,-70.9358,D20180201T045719_IFCB109,41.0231,-70.9358,0
2018-02-01 05:20:00+00:00,http://ifcb-data.whoi.edu/NESLTER_transect/D20180201T052002_IFCB109,41.0282,-70.878,D20180201T052002_IFCB109,41.0282,-70.878,0
2018-02-01 05:43:00+00:00,http://ifcb-data.whoi.edu/NESLTER_transect/D20180201T054246_IFCB109,41.0215,-70.8723,D20180201T054246_IFCB109,41.0211,-70.872,51
2018-02-01 06:06:00+00:00,http://ifcb-data.whoi.edu/NESLTER_transect/D20180201T060530_IFCB109,41.0161,-70.87,D20180201T060530_IFCB109,41.0157,-70.8698,47
2018-02-01 06:28:00+00:00,http://ifcb-data.whoi.edu/NESLTER_transect/D20180201T062814_IFCB109,41.0084,-70.868,D20180201T062814_IFCB109,41.0084,-70.868,0
2018-02-01 06:51:00+00:00,http://ifcb-data.whoi.edu/NESLTER_transect/D20180201T065058_IFCB109,41.0025,-70.8683,D20180201T065058_IFCB109,41.0023,-70.8685,27
2018-02-01 07:14:00+00:00,http://ifcb-data.whoi.edu/NESLTER_transect/D20180201T071342_IFCB109,40.9814,-70.8714,D20180201T071342_IFCB109,40.9802,-70.8714,133
2018-02-01 07:36:00+00:00,http://ifcb-data.whoi.edu/NESLTER_transect/D20180201T073626_IFCB109,40.9533,-70.8736,D20180201T073626_IFCB109,40.9533,-70.8736,0
2018-02-01 07:59:00+00:00,http://ifcb-data.whoi.edu/NESLTER_transect/D20180201T075909_IFCB109,40.9244,-70.8759,D20180201T075909_IFCB109,40.9244,-70.8759,0
2018-02-01 08:22:00+00:00,http://ifcb-data.whoi.edu/NESLTER_transect/D20180201T082153_IFCB109,40.8967,-70.8789,D20180201T082153_IFCB109,40.8956,-70.8788,122
2018-02-01 08:45:00+00:00,http://ifcb-data.whoi.edu/NESLTER_transect/D20180201T084437_IFCB109,40.872,-70.8816,D20180201T084437_IFCB109,40.8714,-70.8817,67
2018-02-01 09:07:00+00:00,http://ifcb-data.whoi.edu/NESLTER_transect/D20180201T090721_IFCB109,40.8621,-70.883,D20180201T090721_IFCB109,40.8621,-70.883,0
2018-02-01 09:30:00+00:00,http://ifcb-data.whoi.edu/NESLTER_transect/D20180201T093005_IFCB109,40.8567,-70.8843,D20180201T093005_IFCB109,40.8567,-70.8843,0
2018-02-01 09:53:00+00:00,http://ifcb-data.whoi.edu/NESLTER_transect/D20180201T095249_IFCB109,40.8513,-70.8858,D20180201T095249_IFCB109,40.8511,-70.8858,22
2018-02-01 10:16:00+00:00,http://ifcb-data.whoi.edu/NESLTER_transect/D20180201T101533_IFCB109,40.8457,-70.8867,D20180201T101533_IFCB109,40.8454,-70.8868,34
2018-02-01 10:37:00+00:00,http://ifcb-data.whoi.edu/NESLTER_transect/D20180201T103729_IFCB102,40.8413,-70.8868,D20180201T103729_IFCB102,40.8413,-70.8868,0
2018-02-01 10:38:00+00:00,http://ifcb-data.whoi.edu/NESLTER_transect/D20180201T103817_IFCB109,40.8412,-70.8863,D20180201T103817_IFCB109,40.8412,-70.8863,0
2018-02-01 11:01:00+00:00,http://ifcb-data.whoi.edu/NESLTER_transect/D20180201T110037_IFCB102,40.8177,-70.8833,D20180201T110037_IFCB102,40.8155,-70.8831,244
2018-02-01 11:01:00+00:00,http://ifcb-data.whoi.edu/NESLTER_transect/D20180201T110100_IFCB109,40.8155,-70.8831,D20180201T110100_IFCB109,40.8155,-70.8831,0
2018-02-01 11:24:00+00:00,http://ifcb-data.whoi.edu/NESLTER_transect/D20180201T112344_IFCB109,40.7701,-70.8798,D20180201T112344_IFCB109,40.7681,-70.8797,222
2018-02-01 11:24:00+00:00,http://ifcb-data.whoi.edu/NESLTER_transect/D20180201T112345_IFCB102,40.7701,-70.8798,D20180201T112345_IFCB102,40.7681,-70.8797,222
2018-02-01 11:46:00+00:00,http://ifcb-data.whoi.edu/NESLTER_transect/D20180201T114628_IFCB109,40.7219,-70.8787,D20180201T114628_IFCB109,40.7219,-70.8787,0
2018-02-01 11:48:00+00:00,http://ifcb-data.whoi.edu/NESLTER_transect/D20180201T114755_IFCB102,40.7196,-70.8785,D20180201T114755_IFCB102,40.7175,-70.8785,233
2018-02-01 12:09:00+00:00,http://ifcb-data.whoi.edu/NESLTER_transect/D20180201T120912_IFCB109,40.6979,-70.8443,D20180201T120912_IFCB109,40.6979,-70.8443,0
2018-02-01 12:11:00+00:00,http://ifcb-data.whoi.edu/NESLTER_transect/D20180201T121103_IFCB102,40.6983,-70.8376,D20180201T121103_IFCB102,40.6983,-70.8376,0
2018-02-01 12:31:00+00:00,http://ifcb-data.whoi.edu/NESLTER_transect/D20180201T123123_IFCB109,40.7009,-70.7702,D20180201T123123_IFCB109,40.7009,-70.7702,0
2018-02-01 12:54:00+00:00,http://ifcb-data.whoi.edu/NESLTER_transect/D20180201T125407_IFCB109,40.701,-70.6987,D20180201T125407_IFCB109,40.701,-70.6987,0
2018-02-01 13:17:00+00:00,http://ifcb-data.whoi.edu/NESLTER_transect/D20180201T131651_IFCB109,40.7,-70.665,D20180201T131651_IFCB109,40.7,-70.6645,42
2018-02-01 13:40:00+00:00,http://ifcb-data.whoi.edu/NESLTER_transect/D20180201T133934_IFCB109,40.6958,-70.6586,D20180201T133934_IFCB109,40.6949,-70.6592,112
2018-02-01 14:23:00+00:00,http://ifcb-data.whoi.edu/NESLTER_transect/D20180201T142316_IFCB109,40.6868,-70.6665,D20180201T142316_IFCB109,40.6868,-70.6665,0
2018-02-01 14:46:00+00:00,http://ifcb-data.whoi.edu/NESLTER_transect/D20180201T144559_IFCB109,40.6896,-70.7163,D20180201T144559_IFCB109,40.6896,-70.7187,202
2018-02-01 15:09:00+00:00,http://ifcb-data.whoi.edu/NESLTER_transect/D20180201T150843_IFCB109,40.6911,-70.7742,D20180201T150843_IFCB109,40.6912,-70.7768,220
2018-02-01 15:31:00+00:00,http://ifcb-data.whoi.edu/NESLTER_transect/D20180201T153127_IFCB109,40.6921,-70.8332,D20180201T153127_IFCB109,40.6921,-70.8332,0
2018-02-01 16:31:00+00:00,http://ifcb-data.whoi.edu/NESLTER_transect/D20180201T163055_IFCB102,40.6941,-70.9858,D20180201T163055_IFCB102,40.6942,-70.9884,220
2018-02-01 16:54:00+00:00,http://ifcb-data.whoi.edu/NESLTER_transect/D20180201T165344_IFCB102,40.6957,-71.0452,D20180201T165344_IFCB102,40.6958,-71.0478,220
2018-02-01 17:17:00+00:00,http://ifcb-data.whoi.edu/NESLTER_transect/D20180201T171633_IFCB102,40.6967,-71.1009,D20180201T171633_IFCB102,40.6969,-71.1019,87
2018-02-01 17:39:00+00:00,http://ifcb-data.whoi.edu/NESLTER_transect/D20180201T173922_IFCB102,40.6896,-71.0948,D20180201T173922_IFCB102,40.6896,-71.0948,0
2018-02-01 18:02:00+00:00,http://ifcb-data.whoi.edu/NESLTER_transect/D20180201T180211_IFCB102,40.6871,-71.0668,D20180201T180211_IFCB102,40.6871,-71.0668,0
2018-02-01 18:25:00+00:00,http://ifcb-data.whoi.edu/NESLTER_transect/D20180201T182459_IFCB102,40.693000000000005,-71.0016,D20180201T182459_IFCB102,40.6932,-70.9987,246
2018-02-01 18:48:00+00:00,http://ifcb-data.whoi.edu/NESLTER_transect/D20180201T184748_IFCB102,40.6959,-70.9337,D20180201T184748_IFCB102,40.6961,-70.9308,246
2018-02-01 19:11:00+00:00,http://ifcb-data.whoi.edu/NESLTER_transect/D20180201T191037_IFCB102,40.6989,-70.8864,D20180201T191037_IFCB102,40.6987,-70.8862,27
2018-02-01 19:33:00+00:00,http://ifcb-data.whoi.edu/NESLTER_transect/D20180201T193325_IFCB102,40.6923,-70.8842,D20180201T193325_IFCB102,40.6923,-70.8842,0
2018-02-01 19:56:00+00:00,http://ifcb-data.whoi.edu/NESLTER_transect/D20180201T195614_IFCB102,40.6871,-70.8833,D20180201T195614_IFCB102,40.6871,-70.8833,0
2018-02-01 20:19:00+00:00,http://ifcb-data.whoi.edu/NESLTER_transect/D20180201T201903_IFCB102,40.6784,-70.8812,D20180201T201903_IFCB102,40.6784,-70.8812,0
2018-02-01 20:42:00+00:00,http://ifcb-data.whoi.edu/NESLTER_transect/D20180201T204151_IFCB102,40.6732,-70.8847,D20180201T204151_IFCB102,40.673,-70.885,33
2018-02-01 21:05:00+00:00,http://ifcb-data.whoi.edu/NESLTER_transect/D20180201T210440_IFCB102,40.6655,-70.892,D20180201T210440_IFCB102,40.6653,-70.8921,23
2018-02-01 21:27:00+00:00,http://ifcb-data.whoi.edu/NESLTER_transect/D20180201T212729_IFCB102,40.6584,-70.896,D20180201T212729_IFCB102,40.6584,-70.896,0
2018-02-01 21:50:00+00:00,http://ifcb-data.whoi.edu/NESLTER_transect/D20180201T215017_IFCB102,40.6352,-70.8973,D20180201T215017_IFCB102,40.6352,-70.8973,0
2018-02-01 22:13:00+00:00,http://ifcb-data.whoi.edu/NESLTER_transect/D20180201T221306_IFCB102,40.5879,-70.8945,D20180201T221306_IFCB102,40.5879,-70.8945,0
2018-02-01 22:36:00+00:00,http://ifcb-data.whoi.edu/NESLTER_transect/D20180201T223555_IFCB102,40.5449,-70.8862,D20180201T223555_IFCB102,40.5431,-70.8855,208
2018-02-01 22:59:00+00:00,http://ifcb-data.whoi.edu/NESLTER_transect/D20180201T225844_IFCB102,40.5296,-70.8855,D20180201T225844_IFCB102,40.5294,-70.8858,33
2018-02-01 23:22:00+00:00,http://ifcb-data.whoi.edu/NESLTER_transect/D20180201T232132_IFCB102,40.5266,-70.8905,D20180201T232132_IFCB102,40.5265,-70.8907,20
2018-02-01 23:44:00+00:00,http://ifcb-data.whoi.edu/NESLTER_transect/D20180201T234421_IFCB102,40.5227,-70.8958,D20180201T234421_IFCB102,40.5227,-70.8958,0
2018-02-02 00:07:00+00:00,http://ifcb-data.whoi.edu/NESLTER_transect/D20180202T000710_IFCB102,40.5193,-70.8996,D20180202T000710_IFCB102,40.5193,-70.8996,0
2018-02-02 00:30:00+00:00,http://ifcb-data.whoi.edu/NESLTER_transect/D20180202T002959_IFCB102,40.5142,-70.9045,D20180202T002959_IFCB102,40.5142,-70.9045,0
2018-02-02 00:53:00+00:00,http://ifcb-data.whoi.edu/NESLTER_transect/D20180202T005247_IFCB102,40.5276,-70.8856,D20180202T005247_IFCB102,40.5289,-70.8836,222
2018-02-02 01:16:00+00:00,http://ifcb-data.whoi.edu/NESLTER_transect/D20180202T011536_IFCB102,40.5263,-70.8852,D20180202T011536_IFCB102,40.5261,-70.8855,33
2018-02-02 01:38:00+00:00,http://ifcb-data.whoi.edu/NESLTER_transect/D20180202T013825_IFCB102,40.5226,-70.8885,D20180202T013825_IFCB102,40.5226,-70.8885,0
2018-02-02 02:01:00+00:00,http://ifcb-data.whoi.edu/NESLTER_transect/D20180202T020114_IFCB102,40.4718,-70.8857,D20180202T020114_IFCB102,40.4718,-70.8857,0
2018-02-02 02:24:00+00:00,http://ifcb-data.whoi.edu/NESLTER_transect/D20180202T022403_IFCB102,40.4144,-70.8819,D20180202T022403_IFCB102,40.4144,-70.8819,0
2018-02-02 02:47:00+00:00,http://ifcb-data.whoi.edu/NESLTER_transect/D20180202T024651_IFCB102,40.3599,-70.8786,D20180202T024651_IFCB102,40.3594,-70.8754,277
2018-02-02 03:10:00+00:00,http://ifcb-data.whoi.edu/NESLTER_transect/D20180202T030940_IFCB102,40.3597,-70.7985,D20180202T030940_IFCB102,40.3597,-70.7949,305
2018-02-02 03:32:00+00:00,http://ifcb-data.whoi.edu/NESLTER_transect/D20180202T033229_IFCB102,40.3599,-70.7169,D20180202T033229_IFCB102,40.3599,-70.7169,0
2018-02-02 03:55:00+00:00,http://ifcb-data.whoi.edu/NESLTER_transect/D20180202T035518_IFCB102,40.3623,-70.6642,D20180202T035518_IFCB102,40.3623,-70.6642,0
2018-02-02 04:18:00+00:00,http://ifcb-data.whoi.edu/NESLTER_transect/D20180202T041806_IFCB102,40.3584,-70.66,D20180202T041806_IFCB102,40.3584,-70.66,0
2018-02-02 04:41:00+00:00,http://ifcb-data.whoi.edu/NESLTER_transect/D20180202T044055_IFCB102,40.3582,-70.6945,D20180202T044055_IFCB102,40.3583,-70.6978,280
2018-02-02 05:04:00+00:00,http://ifcb-data.whoi.edu/NESLTER_transect/D20180202T050344_IFCB102,40.3603,-70.7685,D20180202T050344_IFCB102,40.3603,-70.7718,280
2018-02-02 05:27:00+00:00,http://ifcb-data.whoi.edu/NESLTER_transect/D20180202T052633_IFCB102,40.3555,-70.8419,D20180202T052633_IFCB102,40.3553,-70.845,264
2018-02-02 05:49:00+00:00,http://ifcb-data.whoi.edu/NESLTER_transect/D20180202T054921_IFCB102,40.3548,-70.9171,D20180202T054921_IFCB102,40.3548,-70.9171,0
2018-02-02 06:12:00+00:00,http://ifcb-data.whoi.edu/NESLTER_transect/D20180202T061210_IFCB102,40.3604,-70.9939,D20180202T061210_IFCB102,40.3604,-70.9939,0
2018-02-02 06:35:00+00:00,http://ifcb-data.whoi.edu/NESLTER_transect/D20180202T063459_IFCB102,40.3625,-71.0673,D20180202T063459_IFCB102,40.3626,-71.0706,280
2018-02-02 06:58:00+00:00,http://ifcb-data.whoi.edu/NESLTER_transect/D20180202T065747_IFCB102,40.3617,-71.1033,D20180202T065747_IFCB102,40.3617,-71.1034,8
2018-02-02 07:21:00+00:00,http://ifcb-data.whoi.edu/NESLTER_transect/D20180202T072036_IFCB102,40.3582,-71.1035,D20180202T072036_IFCB102,40.3579,-71.1033,37
2018-02-02 07:43:00+00:00,http://ifcb-data.whoi.edu/NESLTER_transect/D20180202T074325_IFCB102,40.359,-71.0396,D20180202T074325_IFCB102,40.359,-71.0396,0
2018-02-02 08:06:00+00:00,http://ifcb-data.whoi.edu/NESLTER_transect/D20180202T080614_IFCB102,40.3589,-70.9811,D20180202T080614_IFCB102,40.3589,-70.9811,0
2018-02-02 08:29:00+00:00,http://ifcb-data.whoi.edu/NESLTER_transect/D20180202T082903_IFCB102,40.3569,-70.9316,D20180202T082903_IFCB102,40.3569,-70.9316,0
2018-02-02 08:52:00+00:00,http://ifcb-data.whoi.edu/NESLTER_transect/D20180202T085151_IFCB102,40.3563,-70.8862,D20180202T085151_IFCB102,40.3569,-70.8843,174
2018-02-02 09:15:00+00:00,http://ifcb-data.whoi.edu/NESLTER_transect/D20180202T091440_IFCB102,40.3591,-70.8796,D20180202T091440_IFCB102,40.359,-70.8799,27
2018-02-02 09:37:00+00:00,http://ifcb-data.whoi.edu/NESLTER_transect/D20180202T093729_IFCB102,40.3556,-70.8797,D20180202T093729_IFCB102,40.3556,-70.8797,0
2018-02-02 10:00:00+00:00,http://ifcb-data.whoi.edu/NESLTER_transect/D20180202T100018_IFCB102,40.3526,-70.8805,D20180202T100018_IFCB102,40.3526,-70.8805,0
2018-02-02 10:23:00+00:00,http://ifcb-data.whoi.edu/NESLTER_transect/D20180202T102306_IFCB102,40.3486,-70.8798,D20180202T102306_IFCB102,40.3486,-70.8798,0
2018-02-02 10:46:00+00:00,http://ifcb-data.whoi.edu/NESLTER_transect/D20180202T104555_IFCB102,40.3503,-70.882,D20180202T104555_IFCB102,40.3505,-70.8821,23
2018-02-02 11:09:00+00:00,http://ifcb-data.whoi.edu/NESLTER_transect/D20180202T110844_IFCB102,40.3512,-70.8925,D20180202T110844_IFCB102,40.3517,-70.8931,75
2018-02-02 11:32:00+00:00,http://ifcb-data.whoi.edu/NESLTER_transect/D20180202T113133_IFCB102,40.3415,-70.8979,D20180202T113133_IFCB102,40.3406,-70.8977,101
2018-02-02 11:54:00+00:00,http://ifcb-data.whoi.edu/NESLTER_transect/D20180202T115422_IFCB102,40.3215,-70.8931,D20180202T115422_IFCB102,40.3215,-70.8931,0
2018-02-02 12:17:00+00:00,http://ifcb-data.whoi.edu/NESLTER_transect/D20180202T121710_IFCB102,40.3021,-70.8892,D20180202T121710_IFCB102,40.3021,-70.8892,0
2018-02-02 12:40:00+00:00,http://ifcb-data.whoi.edu/NESLTER_transect/D20180202T123959_IFCB102,40.2835,-70.8864,D20180202T123959_IFCB102,40.2826,-70.8863,100
2018-02-02 13:03:00+00:00,http://ifcb-data.whoi.edu/NESLTER_transect/D20180202T130248_IFCB102,40.2626,-70.883,D20180202T130248_IFCB102,40.2617,-70.8828,101
2018-02-02 13:26:00+00:00,http://ifcb-data.whoi.edu/NESLTER_transect/D20180202T132537_IFCB102,40.2407,-70.8797,D20180202T132537_IFCB102,40.2397,-70.8796,111
2018-02-02 13:48:00+00:00,http://ifcb-data.whoi.edu/NESLTER_transect/D20180202T134826_IFCB102,40.2217,-70.8737,D20180202T134826_IFCB102,40.2217,-70.8737,0
2018-02-02 14:11:00+00:00,http://ifcb-data.whoi.edu/NESLTER_transect/D20180202T141115_IFCB102,40.2193,-70.88,D20180202T141115_IFCB102,40.2193,-70.88,0
2018-02-02 14:34:00+00:00,http://ifcb-data.whoi.edu/NESLTER_transect/D20180202T143403_IFCB102,40.2172,-70.8862,D20180202T143403_IFCB102,40.2172,-70.8862,0
2018-02-02 14:57:00+00:00,http://ifcb-data.whoi.edu/NESLTER_transect/D20180202T145652_IFCB102,40.2161,-70.8904,D20180202T145652_IFCB102,40.2159,-70.8906,27
2018-02-02 15:20:00+00:00,http://ifcb-data.whoi.edu/NESLTER_transect/D20180202T151941_IFCB102,40.2146,-70.8951,D20180202T151941_IFCB102,40.2146,-70.8952,8
2018-02-02 15:42:00+00:00,http://ifcb-data.whoi.edu/NESLTER_transect/D20180202T154230_IFCB102,40.2121,-70.902,D20180202T154230_IFCB102,40.2121,-70.902,0
2018-02-02 16:05:00+00:00,http://ifcb-data.whoi.edu/NESLTER_transect/D20180202T160519_IFCB102,40.2158,-70.9092,D20180202T160519_IFCB102,40.2158,-70.9092,0
2018-02-02 16:28:00+00:00,http://ifcb-data.whoi.edu/NESLTER_transect/D20180202T162808_IFCB102,40.2174,-70.9138,D20180202T162808_IFCB102,40.2174,-70.9138,0
2018-02-02 16:51:00+00:00,http://ifcb-data.whoi.edu/NESLTER_transect/D20180202T165056_IFCB102,40.2199,-70.921,D20180202T165056_IFCB102,40.22,-70.9212,20
2018-02-02 17:14:00+00:00,http://ifcb-data.whoi.edu/NESLTER_transect/D20180202T171345_IFCB102,40.2065,-70.8964,D20180202T171345_IFCB102,40.2056,-70.8949,162
2018-02-02 17:37:00+00:00,http://ifcb-data.whoi.edu/NESLTER_transect/D20180202T173634_IFCB102,40.1856,-70.8617,D20180202T173634_IFCB102,40.1847,-70.8603,155
2018-02-02 17:59:00+00:00,http://ifcb-data.whoi.edu/NESLTER_transect/D20180202T175923_IFCB102,40.1644,-70.8275,D20180202T175923_IFCB102,40.1644,-70.8275,0
2018-02-02 18:22:00+00:00,http://ifcb-data.whoi.edu/NESLTER_transect/D20180202T182212_IFCB102,40.14,-70.7962,D20180202T182212_IFCB102,40.14,-70.7962,0
2018-02-02 18:45:00+00:00,http://ifcb-data.whoi.edu/NESLTER_transect/D20180202T184501_IFCB102,40.13,-70.7928,D20180202T184501_IFCB102,40.13,-70.7928,0
2018-02-02 19:08:00+00:00,http://ifcb-data.whoi.edu/NESLTER_transect/D20180202T190750_IFCB102,40.124,-70.8001,D20180202T190750_IFCB102,40.1238,-70.8005,40
2018-02-02 19:31:00+00:00,http://ifcb-data.whoi.edu/NESLTER_transect/D20180202T193038_IFCB102,40.1181,-70.8086,D20180202T193038_IFCB102,40.1179,-70.8089,33
2018-02-02 19:53:00+00:00,http://ifcb-data.whoi.edu/NESLTER_transect/D20180202T195327_IFCB102,40.1197,-70.8182,D20180202T195327_IFCB102,40.1197,-70.8182,0
2018-02-02 20:16:00+00:00,http://ifcb-data.whoi.edu/NESLTER_transect/D20180202T201616_IFCB102,40.1204,-70.8284,D20180202T201616_IFCB102,40.1204,-70.8284,0
2018-02-02 20:39:00+00:00,http://ifcb-data.whoi.edu/NESLTER_transect/D20180202T203905_IFCB102,40.1114,-70.8459,D20180202T203905_IFCB102,40.1114,-70.8459,0
2018-02-02 21:02:00+00:00,http://ifcb-data.whoi.edu/NESLTER_transect/D20180202T210154_IFCB102,40.1104,-70.8611,D20180202T210154_IFCB102,40.1106,-70.8616,48
2018-02-02 21:25:00+00:00,http://ifcb-data.whoi.edu/NESLTER_transect/D20180202T212443_IFCB102,40.1006,-70.8812,D20180202T212443_IFCB102,40.0995,-70.8828,183
2018-02-02 21:48:00+00:00,http://ifcb-data.whoi.edu/NESLTER_transect/D20180202T214732_IFCB102,40.0872,-70.8772,D20180202T214732_IFCB102,40.0865,-70.8758,142
2018-02-02 22:10:00+00:00,http://ifcb-data.whoi.edu/NESLTER_transect/D20180202T221021_IFCB102,40.0767,-70.8362,D20180202T221021_IFCB102,40.0767,-70.8362,0
2018-02-02 22:33:00+00:00,http://ifcb-data.whoi.edu/NESLTER_transect/D20180202T223310_IFCB102,40.0679,-70.7947,D20180202T223310_IFCB102,40.0679,-70.7947,0
2018-02-02 22:56:00+00:00,http://ifcb-data.whoi.edu/NESLTER_transect/D20180202T225558_IFCB102,40.0655,-70.7578,D20180202T225558_IFCB102,40.0657,-70.7563,129
2018-02-02 23:19:00+00:00,http://ifcb-data.whoi.edu/NESLTER_transect/D20180202T231847_IFCB102,40.0701,-70.7206,D20180202T231847_IFCB102,40.0704,-70.7189,148
2018-02-02 23:42:00+00:00,http://ifcb-data.whoi.edu/NESLTER_transect/D20180202T234136_IFCB102,40.0791,-70.6849,D20180202T234136_IFCB102,40.0795,-70.6834,135
2018-02-03 00:04:00+00:00,http://ifcb-data.whoi.edu/NESLTER_transect/D20180203T000425_IFCB102,40.0894,-70.6544,D20180203T000425_IFCB102,40.0894,-70.6544,0
2018-02-03 00:27:00+00:00,http://ifcb-data.whoi.edu/NESLTER_transect/D20180203T002714_IFCB102,40.0958,-70.6653,D20180203T002714_IFCB102,40.0958,-70.6653,0
2018-02-03 00:50:00+00:00,http://ifcb-data.whoi.edu/NESLTER_transect/D20180203T005003_IFCB102,40.0961,-70.6718,D20180203T005003_IFCB102,40.0961,-70.6718,0
2018-02-03 01:13:00+00:00,http://ifcb-data.whoi.edu/NESLTER_transect/D20180203T011252_IFCB102,40.0975,-70.6967,D20180203T011252_IFCB102,40.0975,-70.6988,179
2018-02-03 01:36:00+00:00,http://ifcb-data.whoi.edu/NESLTER_transect/D20180203T013541_IFCB102,40.0969,-70.7434,D20180203T013541_IFCB102,40.097,-70.7457,196
2018-02-03 01:58:00+00:00,http://ifcb-data.whoi.edu/NESLTER_transect/D20180203T015830_IFCB102,40.0966,-70.7963,D20180203T015830_IFCB102,40.0966,-70.7963,0
2018-02-03 02:21:00+00:00,http://ifcb-data.whoi.edu/NESLTER_transect/D20180203T022118_IFCB102,40.0975,-70.8435,D20180203T022118_IFCB102,40.0975,-70.8435,0
2018-02-03 02:44:00+00:00,http://ifcb-data.whoi.edu/NESLTER_transect/D20180203T024407_IFCB102,40.1018,-70.8864,D20180203T024407_IFCB102,40.1018,-70.8864,0
2018-02-03 03:07:00+00:00,http://ifcb-data.whoi.edu/NESLTER_transect/D20180203T030656_IFCB102,40.1021,-70.9283,D20180203T030656_IFCB102,40.1021,-70.9302,162
2018-02-03 03:30:00+00:00,http://ifcb-data.whoi.edu/NESLTER_transect/D20180203T032945_IFCB102,40.1012,-70.9713,D20180203T032945_IFCB102,40.1011,-70.9735,187
2018-02-03 03:53:00+00:00,http://ifcb-data.whoi.edu/NESLTER_transect/D20180203T035234_IFCB102,40.0993,-71.0085,D20180203T035234_IFCB102,40.0992,-71.0102,145
2018-02-03 04:15:00+00:00,http://ifcb-data.whoi.edu/NESLTER_transect/D20180203T041522_IFCB102,40.0973,-71.0444,D20180203T041522_IFCB102,40.0973,-71.0444,0
2018-02-03 04:38:00+00:00,http://ifcb-data.whoi.edu/NESLTER_transect/D20180203T043744_IFCB102,40.095,-71.0783,D20180203T043744_IFCB102,40.0949,-71.0799,136
2018-02-03 05:00:00+00:00,http://ifcb-data.whoi.edu/NESLTER_transect/D20180203T050005_IFCB102,40.1005,-71.0967,D20180203T050005_IFCB102,40.1005,-71.0967,0
2018-02-03 05:22:00+00:00,http://ifcb-data.whoi.edu/NESLTER_transect/D20180203T052227_IFCB102,40.0981,-71.0679,D20180203T052227_IFCB102,40.0981,-71.0679,0
2018-02-03 05:45:00+00:00,http://ifcb-data.whoi.edu/NESLTER_transect/D20180203T054448_IFCB102,40.0963,-71.0402,D20180203T054448_IFCB102,40.0963,-71.039,102
2018-02-03 06:07:00+00:00,http://ifcb-data.whoi.edu/NESLTER_transect/D20180203T060710_IFCB102,40.0963,-71.0108,D20180203T060710_IFCB102,40.0963,-71.0108,0
2018-02-03 06:30:00+00:00,http://ifcb-data.whoi.edu/NESLTER_transect/D20180203T062931_IFCB102,40.097,-70.9827,D20180203T062931_IFCB102,40.097,-70.9815,102
2018-02-03 06:52:00+00:00,http://ifcb-data.whoi.edu/NESLTER_transect/D20180203T065152_IFCB102,40.0974,-70.9556,D20180203T065152_IFCB102,40.0973,-70.9542,119
2018-02-03 07:14:00+00:00,http://ifcb-data.whoi.edu/NESLTER_transect/D20180203T071414_IFCB102,40.0951,-70.9243,D20180203T071414_IFCB102,40.0951,-70.9243,0
2018-02-03 07:37:00+00:00,http://ifcb-data.whoi.edu/NESLTER_transect/D20180203T073635_IFCB102,40.0913,-70.8963,D20180203T073635_IFCB102,40.0906,-70.895,135
2018-02-03 07:59:00+00:00,http://ifcb-data.whoi.edu/NESLTER_transect/D20180203T075856_IFCB102,40.0618,-70.8863,D20180203T075856_IFCB102,40.0604,-70.8861,156
2018-02-03 08:21:00+00:00,http://ifcb-data.whoi.edu/NESLTER_transect/D20180203T082118_IFCB102,40.029,-70.8855,D20180203T082118_IFCB102,40.029,-70.8855,0
2018-02-03 08:44:00+00:00,http://ifcb-data.whoi.edu/NESLTER_transect/D20180203T084339_IFCB102,39.9967,-70.8838,D20180203T084339_IFCB102,39.9953,-70.8838,155
2018-02-03 09:06:00+00:00,http://ifcb-data.whoi.edu/NESLTER_transect/D20180203T090601_IFCB102,39.9621,-70.8828,D20180203T090601_IFCB102,39.9621,-70.8828,0
2018-02-03 09:28:00+00:00,http://ifcb-data.whoi.edu/NESLTER_transect/D20180203T092822_IFCB102,39.9408,-70.8806,D20180203T092822_IFCB102,39.9408,-70.8806,0
2018-02-03 09:51:00+00:00,http://ifcb-data.whoi.edu/NESLTER_transect/D20180203T095043_IFCB102,39.9085,-70.8711,D20180203T095043_IFCB102,39.9065,-70.8714,223
2018-02-03 10:13:00+00:00,http://ifcb-data.whoi.edu/NESLTER_transect/D20180203T101305_IFCB102,39.8606,-70.8755,D20180203T101305_IFCB102,39.8606,-70.8755,0
2018-02-03 10:35:00+00:00,http://ifcb-data.whoi.edu/NESLTER_transect/D20180203T103526_IFCB102,39.8143,-70.8793,D20180203T103526_IFCB102,39.8143,-70.8793,0
2018-02-03 10:58:00+00:00,http://ifcb-data.whoi.edu/NESLTER_transect/D20180203T105748_IFCB102,39.7795,-70.8718,D20180203T105748_IFCB102,39.7801,-70.8695,207
2018-02-03 11:20:00+00:00,http://ifcb-data.whoi.edu/NESLTER_transect/D20180203T112009_IFCB102,39.7774,-70.8144,D20180203T112009_IFCB102,39.7774,-70.8144,0
2018-02-03 11:42:00+00:00,http://ifcb-data.whoi.edu/NESLTER_transect/D20180203T114230_IFCB102,39.7745,-70.7589,D20180203T114230_IFCB102,39.7745,-70.7589,0
2018-02-03 12:05:00+00:00,http://ifcb-data.whoi.edu/NESLTER_transect/D20180203T120452_IFCB102,39.7736,-70.7039,D20180203T120452_IFCB102,39.7736,-70.7014,214
2018-02-03 12:27:00+00:00,http://ifcb-data.whoi.edu/NESLTER_transect/D20180203T122713_IFCB102,39.7738,-70.669,D20180203T122713_IFCB102,39.7738,-70.669,0
2018-02-03 12:50:00+00:00,http://ifcb-data.whoi.edu/NESLTER_transect/D20180203T124934_IFCB102,39.7723,-70.6746,D20180203T124934_IFCB102,39.7723,-70.6747,8
2018-02-03 13:12:00+00:00,http://ifcb-data.whoi.edu/NESLTER_transect/D20180203T131156_IFCB102,39.7702,-70.681,D20180203T131156_IFCB102,39.7702,-70.6809,8
2018-02-03 13:34:00+00:00,http://ifcb-data.whoi.edu/NESLTER_transect/D20180203T133417_IFCB102,39.7751,-70.71,D20180203T133417_IFCB102,39.7751,-70.71,0
2018-02-03 13:57:00+00:00,http://ifcb-data.whoi.edu/NESLTER_transect/D20180203T135638_IFCB102,39.7757,-70.7849,D20180203T135638_IFCB102,39.7758,-70.7882,282
2018-02-03 14:19:00+00:00,http://ifcb-data.whoi.edu/NESLTER_transect/D20180203T141900_IFCB102,39.7785,-70.865,D20180203T141900_IFCB102,39.7785,-70.865,0
2018-02-03 14:41:00+00:00,http://ifcb-data.whoi.edu/NESLTER_transect/D20180203T144121_IFCB102,39.7835,-70.9414,D20180203T144121_IFCB102,39.7835,-70.9414,0
2018-02-03 15:04:00+00:00,http://ifcb-data.whoi.edu/NESLTER_transect/D20180203T150343_IFCB102,39.7791,-71.0193,D20180203T150343_IFCB102,39.7791,-71.0227,291
2018-02-03 15:26:00+00:00,http://ifcb-data.whoi.edu/NESLTER_transect/D20180203T152604_IFCB102,39.7738,-71.0969,D20180203T152604_IFCB102,39.7738,-71.0969,0
2018-02-03 15:48:00+00:00,http://ifcb-data.whoi.edu/NESLTER_transect/D20180203T154825_IFCB102,39.7714,-71.1023,D20180203T154825_IFCB102,39.7714,-71.1023,0
2018-02-03 16:11:00+00:00,http://ifcb-data.whoi.edu/NESLTER_transect/D20180203T161047_IFCB102,39.7688,-71.1069,D20180203T161047_IFCB102,39.7687,-71.107,14
2018-02-03 16:33:00+00:00,http://ifcb-data.whoi.edu/NESLTER_transect/D20180203T163308_IFCB102,39.7733,-71.0645,D20180203T163308_IFCB102,39.7733,-71.0645,0
2018-02-03 16:55:00+00:00,http://ifcb-data.whoi.edu/NESLTER_transect/D20180203T165529_IFCB102,39.7734,-70.9874,D20180203T165529_IFCB102,39.7734,-70.9874,0
2018-02-03 17:18:00+00:00,http://ifcb-data.whoi.edu/NESLTER_transect/D20180203T171751_IFCB102,39.7734,-70.9079,D20180203T171751_IFCB102,39.7734,-70.9044,299
2018-02-03 17:40:00+00:00,http://ifcb-data.whoi.edu/NESLTER_transect/D20180203T174012_IFCB102,39.7696,-70.8855,D20180203T174012_IFCB102,39.7696,-70.8855,0
2018-02-03 18:03:00+00:00,http://ifcb-data.whoi.edu/NESLTER_transect/D20180203T180234_IFCB102,39.7658,-70.8876,D20180203T180234_IFCB102,39.7656,-70.8876,22
2018-02-03 18:25:00+00:00,http://ifcb-data.whoi.edu/NESLTER_transect/D20180203T182455_IFCB102,39.7623,-70.8898,D20180203T182455_IFCB102,39.7621,-70.8899,23
2018-02-03 18:47:00+00:00,http://ifcb-data.whoi.edu/NESLTER_transect/D20180203T184716_IFCB102,39.7536,-70.8911,D20180203T184716_IFCB102,39.7536,-70.8911,0
2018-02-03 19:10:00+00:00,http://ifcb-data.whoi.edu/NESLTER_transect/D20180203T190938_IFCB102,39.7536,-70.8891,D20180203T190938_IFCB102,39.7549,-70.8882,163
2018-02-03 19:32:00+00:00,http://ifcb-data.whoi.edu/NESLTER_transect/D20180203T193159_IFCB102,39.7719,-70.8762,D20180203T193159_IFCB102,39.7719,-70.8761,8
2018-02-03 19:54:00+00:00,http://ifcb-data.whoi.edu/NESLTER_transect/D20180203T195421_IFCB102,39.812,-70.8549,D20180203T195421_IFCB102,39.812,-70.8549,0
2018-02-03 20:17:00+00:00,http://ifcb-data.whoi.edu/NESLTER_transect/D20180203T201642_IFCB102,39.8657,-70.8229,D20180203T201642_IFCB102,39.868,-70.8213,289
2018-02-03 20:39:00+00:00,http://ifcb-data.whoi.edu/NESLTER_transect/D20180203T203904_IFCB102,39.9223,-70.7916,D20180203T203904_IFCB102,39.9223,-70.7916,0
2018-02-03 21:01:00+00:00,http://ifcb-data.whoi.edu/NESLTER_transect/D20180203T210125_IFCB102,39.9313,-70.7677,D20180203T210125_IFCB102,39.9313,-70.7677,0
2018-02-03 21:24:00+00:00,http://ifcb-data.whoi.edu/NESLTER_transect/D20180203T212347_IFCB102,39.9258,-70.7678,D20180203T212347_IFCB102,39.9255,-70.7681,42
2018-02-03 21:46:00+00:00,http://ifcb-data.whoi.edu/NESLTER_transect/D20180203T214608_IFCB102,39.9191,-70.7755,D20180203T214608_IFCB102,39.9191,-70.7755,0
2018-02-03 22:08:00+00:00,http://ifcb-data.whoi.edu/NESLTER_transect/D20180203T220830_IFCB102,39.9326,-70.8411,D20180203T220830_IFCB102,39.9326,-70.8411,0
2018-02-03 22:31:00+00:00,http://ifcb-data.whoi.edu/NESLTER_transect/D20180203T223051_IFCB102,39.9334,-70.8863,D20180203T223051_IFCB102,39.9331,-70.8868,54
2018-02-03 22:53:00+00:00,http://ifcb-data.whoi.edu/NESLTER_transect/D20180203T225313_IFCB102,39.9298,-70.8873,D20180203T225313_IFCB102,39.9298,-70.8873,0
2018-02-03 23:16:00+00:00,http://ifcb-data.whoi.edu/NESLTER_transect/D20180203T231534_IFCB102,39.9251,-70.8863,D20180203T231534_IFCB102,39.9249,-70.8863,22
2018-02-03 23:38:00+00:00,http://ifcb-data.whoi.edu/NESLTER_transect/D20180203T233756_IFCB102,39.9199,-70.8856,D20180203T233756_IFCB102,39.9195,-70.8859,51
2018-02-04 00:00:00+00:00,http://ifcb-data.whoi.edu/NESLTER_transect/D20180204T000017_IFCB102,39.909,-70.8886,D20180204T000017_IFCB102,39.909,-70.8886,0
2018-02-04 00:23:00+00:00,http://ifcb-data.whoi.edu/NESLTER_transect/D20180204T002238_IFCB102,39.8976,-70.8906,D20180204T002238_IFCB102,39.8972,-70.8908,47
2018-02-04 00:45:00+00:00,http://ifcb-data.whoi.edu/NESLTER_transect/D20180204T004500_IFCB102,39.9105,-70.9016,D20180204T004500_IFCB102,39.9105,-70.9016,0
2018-02-04 01:07:00+00:00,http://ifcb-data.whoi.edu/NESLTER_transect/D20180204T010721_IFCB102,39.9668,-70.9054,D20180204T010721_IFCB102,39.9668,-70.9054,0
2018-02-04 01:30:00+00:00,http://ifcb-data.whoi.edu/NESLTER_transect/D20180204T012943_IFCB102,40.0221,-70.8981,D20180204T012943_IFCB102,40.0241,-70.8977,224
2018-02-04 01:52:00+00:00,http://ifcb-data.whoi.edu/NESLTER_transect/D20180204T015204_IFCB102,40.0556,-70.8896,D20180204T015204_IFCB102,40.0556,-70.8896,0
2018-02-04 02:14:00+00:00,http://ifcb-data.whoi.edu/NESLTER_transect/D20180204T021426_IFCB102,40.085,-70.8809,D20180204T021426_IFCB102,40.085,-70.8809,0
2018-02-04 02:37:00+00:00,http://ifcb-data.whoi.edu/NESLTER_transect/D20180204T023647_IFCB102,40.0941,-70.8705,D20180204T023647_IFCB102,40.0938,-70.8699,61
2018-02-04 02:59:00+00:00,http://ifcb-data.whoi.edu/NESLTER_transect/D20180204T025908_IFCB102,40.088,-70.8601,D20180204T025908_IFCB102,40.088,-70.8601,0
2018-02-04 03:22:00+00:00,http://ifcb-data.whoi.edu/NESLTER_transect/D20180204T032130_IFCB102,40.084,-70.855,D20180204T032130_IFCB102,40.0839,-70.8547,27
2018-02-04 03:44:00+00:00,http://ifcb-data.whoi.edu/NESLTER_transect/D20180204T034351_IFCB102,40.0801,-70.8484,D20180204T034351_IFCB102,40.08,-70.848,35
2018-02-04 04:06:00+00:00,http://ifcb-data.whoi.edu/NESLTER_transect/D20180204T040613_IFCB102,40.0792,-70.8489,D20180204T040613_IFCB102,40.0792,-70.8489,0
2018-02-04 04:29:00+00:00,http://ifcb-data.whoi.edu/NESLTER_transect/D20180204T042834_IFCB102,40.083,-70.8576,D20180204T042834_IFCB102,40.0832,-70.8579,33
2018-02-04 04:51:00+00:00,http://ifcb-data.whoi.edu/NESLTER_transect/D20180204T045055_IFCB102,40.1191,-70.8652,D20180204T045055_IFCB102,40.1216,-70.8654,278
2018-02-04 05:13:00+00:00,http://ifcb-data.whoi.edu/NESLTER_transect/D20180204T051317_IFCB102,40.1764,-70.8716,D20180204T051317_IFCB102,40.1764,-70.8716,0
2018-02-04 05:36:00+00:00,http://ifcb-data.whoi.edu/NESLTER_transect/D20180204T053538_IFCB102,40.2211,-70.874,D20180204T053538_IFCB102,40.2219,-70.873,123
2018-02-04 05:58:00+00:00,http://ifcb-data.whoi.edu/NESLTER_transect/D20180204T055759_IFCB102,40.2169,-70.8633,D20180204T055759_IFCB102,40.2166,-70.8631,37
2018-02-04 06:20:00+00:00,http://ifcb-data.whoi.edu/NESLTER_transect/D20180204T062021_IFCB102,40.2085,-70.8629,D20180204T062021_IFCB102,40.2085,-70.8629,0
2018-02-04 06:43:00+00:00,http://ifcb-data.whoi.edu/NESLTER_transect/D20180204T064242_IFCB102,40.2018,-70.8637,D20180204T064242_IFCB102,40.2014,-70.8637,44
2018-02-04 07:05:00+00:00,http://ifcb-data.whoi.edu/NESLTER_transect/D20180204T070503_IFCB102,40.2178,-70.8511,D20180204T070503_IFCB102,40.2178,-70.8511,0
2018-02-04 07:27:00+00:00,http://ifcb-data.whoi.edu/NESLTER_transect/D20180204T072725_IFCB102,40.2681,-70.8227,D20180204T072725_IFCB102,40.2681,-70.8227,0
2018-02-04 07:50:00+00:00,http://ifcb-data.whoi.edu/NESLTER_transect/D20180204T074946_IFCB102,40.317,-70.7946,D20180204T074946_IFCB102,40.3183,-70.7937,163
2018-02-04 08:12:00+00:00,http://ifcb-data.whoi.edu/NESLTER_transect/D20180204T081207_IFCB102,40.3475,-70.7756,D20180204T081207_IFCB102,40.3475,-70.7756,0
2018-02-04 08:34:00+00:00,http://ifcb-data.whoi.edu/NESLTER_transect/D20180204T083429_IFCB102,40.3565,-70.7647,D20180204T083429_IFCB102,40.3565,-70.7647,0
2018-02-04 08:57:00+00:00,http://ifcb-data.whoi.edu/NESLTER_transect/D20180204T085650_IFCB102,40.3552,-70.7608,D20180204T085650_IFCB102,40.3565,-70.7612,148
2018-02-04 09:19:00+00:00,http://ifcb-data.whoi.edu/NESLTER_transect/D20180204T091911_IFCB102,40.3931,-70.7848,D20180204T091911_IFCB102,40.3931,-70.7848,0
2018-02-04 09:42:00+00:00,http://ifcb-data.whoi.edu/NESLTER_transect/D20180204T094133_IFCB102,40.4303,-70.8094,D20180204T094133_IFCB102,40.432,-70.8105,210
2018-02-04 10:04:00+00:00,http://ifcb-data.whoi.edu/NESLTER_transect/D20180204T100354_IFCB102,40.4665,-70.836,D20180204T100354_IFCB102,40.4681,-70.8373,209
2018-02-04 10:26:00+00:00,http://ifcb-data.whoi.edu/NESLTER_transect/D20180204T102615_IFCB102,40.5023,-70.8653,D20180204T102615_IFCB102,40.5023,-70.8653,0
2018-02-04 10:49:00+00:00,http://ifcb-data.whoi.edu/NESLTER_transect/D20180204T104837_IFCB102,40.5293,-70.8844,D20180204T104837_IFCB102,40.5291,-70.8844,22
2018-02-04 11:11:00+00:00,http://ifcb-data.whoi.edu/NESLTER_transect/D20180204T111058_IFCB102,40.5259,-70.8825,D20180204T111058_IFCB102,40.5258,-70.8823,20
2018-02-04 11:33:00+00:00,http://ifcb-data.whoi.edu/NESLTER_transect/D20180204T113319_IFCB102,40.5724,-70.8821,D20180204T113319_IFCB102,40.5724,-70.8821,0
2018-02-04 11:56:00+00:00,http://ifcb-data.whoi.edu/NESLTER_transect/D20180204T115540_IFCB102,40.6289,-70.8823,D20180204T115540_IFCB102,40.6315,-70.8823,288
2018-02-04 12:18:00+00:00,http://ifcb-data.whoi.edu/NESLTER_transect/D20180204T121802_IFCB102,40.6886,-70.8836,D20180204T121802_IFCB102,40.6886,-70.8836,0
2018-02-04 12:40:00+00:00,http://ifcb-data.whoi.edu/NESLTER_transect/D20180204T124023_IFCB102,40.6949,-70.8812,D20180204T124023_IFCB102,40.6949,-70.8812,0
2018-02-04 13:03:00+00:00,http://ifcb-data.whoi.edu/NESLTER_transect/D20180204T130244_IFCB102,40.7014,-70.8821,D20180204T130244_IFCB102,40.7041,-70.8819,300
2018-02-04 13:25:00+00:00,http://ifcb-data.whoi.edu/NESLTER_transect/D20180204T132506_IFCB102,40.7637,-70.8788,D20180204T132506_IFCB102,40.7637,-70.8788,0
2018-02-04 13:47:00+00:00,http://ifcb-data.whoi.edu/NESLTER_transect/D20180204T134727_IFCB102,40.8241,-70.8809,D20180204T134727_IFCB102,40.8241,-70.8809,0
2018-02-04 14:10:00+00:00,http://ifcb-data.whoi.edu/NESLTER_transect/D20180204T140948_IFCB102,40.8627,-70.883,D20180204T140948_IFCB102,40.8627,-70.8828,16
2018-02-04 14:32:00+00:00,http://ifcb-data.whoi.edu/NESLTER_transect/D20180204T143210_IFCB102,40.8595,-70.8809,D20180204T143210_IFCB102,40.8595,-70.8809,0
2018-02-04 14:55:00+00:00,http://ifcb-data.whoi.edu/NESLTER_transect/D20180204T145431_IFCB102,40.852,-70.8804,D20180204T145431_IFCB102,40.8517,-70.8804,33
2018-02-04 15:17:00+00:00,http://ifcb-data.whoi.edu/NESLTER_transect/D20180204T151652_IFCB102,40.8733,-70.8815,D20180204T151652_IFCB102,40.8759,-70.8815,288
2018-02-04 15:39:00+00:00,http://ifcb-data.whoi.edu/NESLTER_transect/D20180204T153914_IFCB102,40.9322,-70.8821,D20180204T153914_IFCB102,40.9322,-70.8821,0
2018-02-04 16:02:00+00:00,http://ifcb-data.whoi.edu/NESLTER_transect/D20180204T160135_IFCB102,40.9686,-70.8814,D20180204T160135_IFCB102,40.9698,-70.8813,133
2018-02-04 16:24:00+00:00,http://ifcb-data.whoi.edu/NESLTER_transect/D20180204T162356_IFCB102,40.994,-70.88,D20180204T162356_IFCB102,40.9953,-70.8801,144
2018-02-04 16:46:00+00:00,http://ifcb-data.whoi.edu/NESLTER_transect/D20180204T164617_IFCB102,41.0178,-70.8808,D20180204T164617_IFCB102,41.0178,-70.8808,0
2018-02-04 17:09:00+00:00,http://ifcb-data.whoi.edu/NESLTER_transect/D20180204T170839_IFCB102,41.0355,-70.8803,D20180204T170839_IFCB102,41.0359,-70.8802,45
2018-02-04 17:36:00+00:00,http://ifcb-data.whoi.edu/NESLTER_transect/D20180204T173600_IFCB102,41.0326,-70.8815,D20180204T173600_IFCB102,41.0326,-70.8815,0
2018-02-04 17:58:00+00:00,http://ifcb-data.whoi.edu/NESLTER_transect/D20180204T175821_IFCB102,41.0309,-70.8825,D20180204T175821_IFCB102,41.0309,-70.8825,0
2018-02-04 18:21:00+00:00,http://ifcb-data.whoi.edu/NESLTER_transect/D20180204T182042_IFCB102,41.0297,-70.8814,D20180204T182042_IFCB102,41.0296,-70.881,35
2018-02-04 18:43:00+00:00,http://ifcb-data.whoi.edu/NESLTER_transect/D20180204T184304_IFCB102,41.0281,-70.8786,D20180204T184304_IFCB102,41.0281,-70.8786,0
2018-02-04 19:05:00+00:00,http://ifcb-data.whoi.edu/NESLTER_transect/D20180204T190525_IFCB102,41.0193,-70.8769,D20180204T190525_IFCB102,41.0193,-70.8769,0
2018-02-04 19:28:00+00:00,http://ifcb-data.whoi.edu/NESLTER_transect/D20180204T192746_IFCB102,41.0192,-70.8804,D20180204T192746_IFCB102,41.0215,-70.8811,262
2018-02-04 19:50:00+00:00,http://ifcb-data.whoi.edu/NESLTER_transect/D20180204T195008_IFCB102,41.075,-70.8819,D20180204T195008_IFCB102,41.075,-70.8819,0
2018-02-04 20:12:00+00:00,http://ifcb-data.whoi.edu/NESLTER_transect/D20180204T201229_IFCB102,41.1281,-70.8814,D20180204T201229_IFCB102,41.1281,-70.8814,0
2018-02-04 20:35:00+00:00,http://ifcb-data.whoi.edu/NESLTER_transect/D20180204T203450_IFCB102,41.1804,-70.883,D20180204T203450_IFCB102,41.1827,-70.8832,255
2018-02-04 20:57:00+00:00,http://ifcb-data.whoi.edu/NESLTER_transect/D20180204T205712_IFCB102,41.1968,-70.8825,D20180204T205712_IFCB102,41.1968,-70.8825,0
2018-02-04 21:20:00+00:00,http://ifcb-data.whoi.edu/NESLTER_transect/D20180204T211933_IFCB102,41.1976,-70.8849,D20180204T211933_IFCB102,41.1977,-70.885,13
2018-02-04 21:42:00+00:00,http://ifcb-data.whoi.edu/NESLTER_transect/D20180204T214154_IFCB102,41.1889,-70.8553,D20180204T214154_IFCB102,41.1887,-70.8523,252
2018-02-04 22:04:00+00:00,http://ifcb-data.whoi.edu/NESLTER_transect/D20180204T220416_IFCB102,41.1877,-70.7843,D20180204T220416_IFCB102,41.1877,-70.7843,0
2018-02-04 22:27:00+00:00,http://ifcb-data.whoi.edu/NESLTER_transect/D20180204T222637_IFCB102,41.2288,-70.7488,D20180204T222637_IFCB102,41.2312,-70.7479,277
2018-02-04 22:49:00+00:00,http://ifcb-data.whoi.edu/NESLTER_transect/D20180204T224859_IFCB102,41.281000000000006,-70.7252,D20180204T224859_IFCB102,41.2834,-70.7242,279
2018-02-04 23:11:00+00:00,http://ifcb-data.whoi.edu/NESLTER_transect/D20180204T231120_IFCB102,41.318000000000005,-70.6826,D20180204T231120_IFCB102,41.31800000000001,-70.6826,0
2018-02-04 23:34:00+00:00,http://ifcb-data.whoi.edu/NESLTER_transect/D20180204T233341_IFCB102,41.3224,-70.6163,D20180204T233341_IFCB102,41.3226,-70.6133,252
2018-02-04 23:56:00+00:00,http://ifcb-data.whoi.edu/NESLTER_transect/D20180204T235603_IFCB102,41.3226,-70.5771,D20180204T235603_IFCB102,41.3226,-70.5771,0
2018-02-05 00:18:00+00:00,http://ifcb-data.whoi.edu/NESLTER_transect/D20180205T001824_IFCB102,41.3217,-70.5733,D20180205T001824_IFCB102,41.3217,-70.5733,0
2018-02-05 00:41:00+00:00,http://ifcb-data.whoi.edu/NESLTER_transect/D20180205T004046_IFCB102,41.317,-70.5684,D20180205T004046_IFCB102,41.3162,-70.5686,90
2018-02-05 01:03:00+00:00,http://ifcb-data.whoi.edu/NESLTER_transect/D20180205T010307_IFCB102,41.2958,-70.5698,D20180205T010307_IFCB102,41.2958,-70.5698,0
2018-02-05 01:25:00+00:00,http://ifcb-data.whoi.edu/NESLTER_transect/D20180205T012529_IFCB102,41.2633,-70.5684,D20180205T012529_IFCB102,41.2633,-70.5684,0
2018-02-05 01:48:00+00:00,http://ifcb-data.whoi.edu/NESLTER_transect/D20180205T014750_IFCB102,41.227,-70.5678,D20180205T014750_IFCB102,41.2255,-70.5677,166
2018-02-05 02:10:00+00:00,http://ifcb-data.whoi.edu/NESLTER_transect/D20180205T021012_IFCB102,41.1823,-70.566,D20180205T021012_IFCB102,41.1823,-70.566,0
2018-02-05 02:33:00+00:00,http://ifcb-data.whoi.edu/NESLTER_transect/D20180205T023233_IFCB102,41.1544,-70.5909,D20180205T023233_IFCB102,41.155,-70.5937,244
2018-02-05 02:55:00+00:00,http://ifcb-data.whoi.edu/NESLTER_transect/D20180205T025455_IFCB102,41.1667,-70.6517,D20180205T025455_IFCB102,41.1673,-70.6545,244
2018-02-05 03:17:00+00:00,http://ifcb-data.whoi.edu/NESLTER_transect/D20180205T031716_IFCB102,41.1792,-70.7147,D20180205T031716_IFCB102,41.1792,-70.7147,0
2018-02-05 03:40:00+00:00,http://ifcb-data.whoi.edu/NESLTER_transect/D20180205T033937_IFCB102,41.1851,-70.7705,D20180205T033937_IFCB102,41.1852,-70.7729,201
2018-02-05 04:02:00+00:00,http://ifcb-data.whoi.edu/NESLTER_transect/D20180205T040159_IFCB102,41.1875,-70.8243,D20180205T040159_IFCB102,41.1876,-70.8268,210
2018-02-05 04:24:00+00:00,http://ifcb-data.whoi.edu/NESLTER_transect/D20180205T042420_IFCB102,41.1899,-70.8816,D20180205T042420_IFCB102,41.1899,-70.8816,0
2018-02-05 04:47:00+00:00,http://ifcb-data.whoi.edu/NESLTER_transect/D20180205T044641_IFCB102,41.1957,-70.9336,D20180205T044641_IFCB102,41.1967,-70.9354,187
2018-02-05 05:09:00+00:00,http://ifcb-data.whoi.edu/NESLTER_transect/D20180205T050903_IFCB102,41.2151,-70.9665,D20180205T050903_IFCB102,41.2151,-70.9665,0
2018-02-05 05:31:00+00:00,http://ifcb-data.whoi.edu/NESLTER_transect/D20180205T053124_IFCB102,41.2298,-70.9945,D20180205T053124_IFCB102,41.2298,-70.9945,0
2018-02-05 05:54:00+00:00,http://ifcb-data.whoi.edu/NESLTER_transect/D20180205T055345_IFCB102,41.2439,-71.0221,D20180205T055345_IFCB102,41.2445,-71.0233,120
2018-02-05 06:16:00+00:00,http://ifcb-data.whoi.edu/NESLTER_transect/D20180205T061607_IFCB102,41.2576,-71.0484,D20180205T061607_IFCB102,41.2576,-71.0484,0
2018-02-05 06:38:00+00:00,http://ifcb-data.whoi.edu/NESLTER_transect/D20180205T063828_IFCB102,41.2701,-71.0707,D20180205T063828_IFCB102,41.2701,-71.0707,0
2018-02-05 07:01:00+00:00,http://ifcb-data.whoi.edu/NESLTER_transect/D20180205T070049_IFCB102,41.2824,-71.0944,D20180205T070049_IFCB102,41.2829,-71.0954,100
2018-02-05 07:23:00+00:00,http://ifcb-data.whoi.edu/NESLTER_transect/D20180205T072311_IFCB102,41.2949,-71.1215,D20180205T072311_IFCB102,41.2949,-71.1215,0
2018-02-05 07:46:00+00:00,http://ifcb-data.whoi.edu/NESLTER_transect/D20180205T074532_IFCB102,41.3089,-71.1448,D20180205T074532_IFCB102,41.3096,-71.1458,114
2018-02-05 08:08:00+00:00,http://ifcb-data.whoi.edu/NESLTER_transect/D20180205T080753_IFCB102,41.323,-71.1673,D20180205T080753_IFCB102,41.3235,-71.1685,114
2018-02-05 08:30:00+00:00,http://ifcb-data.whoi.edu/NESLTER_transect/D20180205T083015_IFCB102,41.3356,-71.1925,D20180205T083015_IFCB102,41.3356,-71.1925,0
2018-02-05 08:53:00+00:00,http://ifcb-data.whoi.edu/NESLTER_transect/D20180205T085236_IFCB102,41.3484,-71.2169,D20180205T085236_IFCB102,41.349,-71.218,113
2018-02-05 09:15:00+00:00,http://ifcb-data.whoi.edu/NESLTER_transect/D20180205T091458_IFCB102,41.3602,-71.242,D20180205T091458_IFCB102,41.3607,-71.2432,114
2018-02-05 09:37:00+00:00,http://ifcb-data.whoi.edu/NESLTER_transect/D20180205T093719_IFCB102,41.3726,-71.2671,D20180205T093719_IFCB102,41.3726,-71.2671,0
2018-02-05 10:00:00+00:00,http://ifcb-data.whoi.edu/NESLTER_transect/D20180205T095940_IFCB102,41.3844,-71.2876,D20180205T095940_IFCB102,41.3849,-71.2885,93
2018-02-05 10:22:00+00:00,http://ifcb-data.whoi.edu/NESLTER_transect/D20180205T102201_IFCB102,41.3964,-71.307,D20180205T102201_IFCB102,41.3964,-71.307,0
2018-02-05 10:44:00+00:00,http://ifcb-data.whoi.edu/NESLTER_transect/D20180205T104423_IFCB102,41.3928,-71.3074,D20180205T104423_IFCB102,41.3928,-71.3074,0
2018-02-05 11:07:00+00:00,http://ifcb-data.whoi.edu/NESLTER_transect/D20180205T110644_IFCB102,41.3876,-71.3034,D20180205T110644_IFCB102,41.3873,-71.3033,34
2018-02-05 11:29:00+00:00,http://ifcb-data.whoi.edu/NESLTER_transect/D20180205T112905_IFCB102,41.3812,-71.2996,D20180205T112905_IFCB102,41.3812,-71.2996,0
2018-02-05 11:51:00+00:00,http://ifcb-data.whoi.edu/NESLTER_transect/D20180205T115126_IFCB102,41.3805,-71.3029,D20180205T115126_IFCB102,41.3805,-71.3029,0
2018-02-05 12:14:00+00:00,http://ifcb-data.whoi.edu/NESLTER_transect/D20180205T121348_IFCB102,41.3985,-71.3121,D20180205T121348_IFCB102,41.3991,-71.3125,74
2018-02-05 12:36:00+00:00,http://ifcb-data.whoi.edu/NESLTER_transect/D20180205T123609_IFCB102,41.3993,-71.3155,D20180205T123609_IFCB102,41.3993,-71.3155,0
2018-02-05 12:58:00+00:00,http://ifcb-data.whoi.edu/NESLTER_transect/D20180205T125830_IFCB102,41.4222,-71.3745,D20180205T125830_IFCB102,41.4222,-71.3745,0
2018-02-05 13:21:00+00:00,http://ifcb-data.whoi.edu/NESLTER_transect/D20180205T132051_IFCB102,41.4631,-71.4094,D20180205T132051_IFCB102,41.4657,-71.4093,288
