sample_identifier,date,volume_imaged,Asterionellopsis_glacialis,Ceratium,Chaetoceros,Corethron_hystrix,Cylindrotheca,Dactyliosolen_fragilissimus,Dactyliosolen_blavyanus,Dictyocha,Dinobryon,Ditylum_brightwellii,Ephemera,Eucampia,Guinardia_delicatula,Guinardia_flaccida,Leptocylindrus,Pleurosigma,Pseudo_nitzschia,Rhizosolenia,Skeletonema,Thalassionema,Thalassiosira,bad,detritus,pennate,mix,Corymbellus,cryptophyta,Dinophysis,Euglena,flagellate,Gyrodinium,Lauderia_annulata,Licmophora,Phaeocystis,Prorocentrum,Pyramimonas,Stephanopyxis,other,Cerataulina_pelagica,Coscinodiscus,Odontella,Guinardia_striata,Paralia_sulcata,mix_elongated,Hemiaulus,Leptocylindrus_mediterraneus,amoeba,Ciliate_mix,Didinium,Laboea_strobila,Mesodinium,Pleuronema,Strobilidium,Strombidium_oculatum,Tintinnida,Akashiwo,Amphidinium,Chrysochromulina,Emiliania_huxleyi,Heterocapsa_rotundata,Heterocapsa_triquetra,Karenia,Katodinium_or_Torodinium,Protoperidinium,Proterythropsis_sp,Calciopappus,flagellate_sp3,bead,bubble,zooplankton,camera_spot,Balanion,Helicostomella_subulata,Stenosemella_sp1,Stenosemella_pacifica,Tintinnopsis,Bacillariophyceae,Dinophyceae,Apedinella,Ophiaster,Acanthoica_quattrospina,Radiozoa,Bacteriastrum,Chaetoceros_debilis,Chaetoceros_danicus
D20180131T180620_IFCB109,31-Jan-2018 18:06:20,4.19464714583333,11,0,39,5,1,4,5,2,5,30,0,0,4,0,35,0,13,38,16,0,15,0,281,8,1008,0,0,0,0,1,0,0,0,13,0,0,0,15,9,0,0,1,0,17,0,0,0,0,0,0,0,0,0,0,0,0,0,0,0,0,0,0,1,0,2,0,0,2,0,0,0,0,0,0,0,0,9,5,0,0,0,0,0,0,0
D20180131T182933_IFCB109,31-Jan-2018 18:29:33,1.6548032125,2,0,21,2,1,0,0,2,3,17,0,0,6,0,17,0,4,11,8,0,8,0,76,6,486,0,0,0,1,0,0,0,0,3,0,0,0,9,1,1,0,0,0,5,0,0,0,0,1,0,1,0,0,0,0,0,0,0,0,0,0,0,0,0,0,0,0,0,0,0,0,0,0,0,0,0,5,7,0,0,0,0,0,0,0
D20180131T184315_IFCB109,31-Jan-2018 18:43:15,4.27172664583333,15,0,36,3,1,1,0,1,4,12,0,0,6,0,34,0,19,29,11,0,15,0,338,4,945,0,2,0,0,0,0,0,0,5,0,0,0,18,5,0,0,0,0,24,0,0,0,1,0,0,0,0,0,0,0,0,0,0,0,0,0,0,0,0,1,0,0,1,0,0,0,0,0,0,0,0,6,1,0,0,0,0,0,0,0
D20180131T190627_IFCB109,31-Jan-2018 19:06:27,2.73107427083333,7,0,24,3,1,1,6,0,5,16,0,0,4,0,26,0,7,20,6,0,11,0,188,5,675,0,1,0,0,0,0,0,0,9,0,0,0,12,2,0,0,0,0,23,0,0,0,0,0,0,0,0,0,0,0,0,1,1,0,0,0,0,0,0,3,0,0,1,0,0,0,0,0,0,0,0,4,2,0,0,0,0,0,0,0
D20180131T201102_IFCB109,31-Jan-2018 20:11:02,2.92914966666667,5,0,31,1,2,1,2,1,3,14,0,0,7,0,29,0,10,23,10,0,2,0,318,2,722,0,1,0,0,3,0,0,0,7,0,3,0,10,13,0,0,0,0,27,0,0,1,0,0,0,0,0,0,0,0,1,0,0,0,0,0,0,0,0,2,0,0,1,0,0,0,0,1,0,0,0,8,2,0,0,0,0,0,0,0
D20180131T202832_IFCB109,31-Jan-2018 20:28:32,4.1607151875,8,0,38,4,0,0,3,1,7,31,0,0,10,0,53,0,9,19,15,1,12,0,473,3,1058,0,1,0,0,0,1,0,0,14,0,0,0,23,13,0,0,3,0,42,0,0,0,0,0,0,0,0,0,0,0,0,0,0,0,0,0,0,0,0,0,0,0,1,0,0,0,0,0,0,0,0,8,4,0,0,0,0,0,0,0
D20180131T205153_IFCB109,31-Jan-2018 20:51:53,4.195555675,7,0,41,4,0,0,1,0,2,20,0,0,4,0,25,0,2,23,3,1,4,6,198,0,1173,0,0,0,0,0,0,2,0,3,0,0,0,41,1,0,0,0,0,40,0,0,0,0,0,0,0,0,0,0,0,0,0,0,0,0,0,0,0,0,0,0,0,0,0,0,0,0,0,0,0,0,0,0,0,0,0,0,0,0,0
D20180131T211514_IFCB109,31-Jan-2018 21:15:14,4.144428075,11,0,43,6,4,0,3,0,3,26,0,0,2,0,44,0,0,2,10,0,11,0,341,3,316,0,0,0,0,0,0,0,0,13,0,1,0,5,2,0,0,0,0,0,0,0,0,0,0,0,0,0,0,0,0,1,0,0,0,0,0,0,1,0,2,0,0,1,0,0,0,1,0,0,0,0,5,9,0,0,0,0,0,0,0
D20180131T213836_IFCB109,31-Jan-2018 21:38:36,4.15178905416667,10,0,46,4,2,1,2,2,3,23,0,0,5,2,39,0,3,1,13,0,9,0,338,3,384,0,0,0,0,3,0,0,0,9,0,1,0,8,7,0,0,1,0,1,0,0,2,2,0,0,0,0,0,0,0,5,0,0,0,1,0,0,0,0,3,0,0,0,0,0,0,0,0,0,0,0,3,4,0,0,0,0,0,0,0
D20180201T103729_IFCB102,01-Feb-2018 10:37:29,3.99101885416667,0,0,1,2,10,1,1,1,0,4,0,0,148,2,18,4,21,56,1,0,27,0,250,17,1786,0,1,0,0,1,1,0,0,32,0,1,0,9,0,0,0,0,0,2,0,0,0,1,0,0,0,0,0,1,0,0,1,0,0,0,0,0,2,0,3,0,0,60,0,0,0,0,0,0,0,0,4,24,1,0,0,0,0,0,0
D20180201T110037_IFCB102,01-Feb-2018 11:00:37,4.0412721,0,1,0,1,13,0,0,1,0,0,0,0,173,1,21,5,22,71,7,1,27,0,239,8,1657,0,0,0,0,1,0,0,0,46,0,0,0,5,1,0,0,0,0,4,0,0,0,0,0,0,0,0,0,0,0,0,0,0,0,0,0,0,1,0,1,0,0,58,0,0,0,0,0,0,0,0,5,20,0,0,0,0,0,0,0
D20180201T112345_IFCB102,01-Feb-2018 11:23:45,4.021843225,0,1,2,0,16,0,0,1,0,10,0,0,178,1,17,2,28,62,1,1,25,1,223,25,1648,1,1,0,0,0,0,0,0,50,1,1,0,5,0,0,0,1,0,0,0,0,0,0,0,0,0,0,0,0,1,0,0,0,0,0,0,0,0,0,3,0,0,56,0,0,0,0,0,0,0,0,5,17,0,0,0,0,0,0,0
D20180201T114628_IFCB109,01-Feb-2018 11:46:28,4.19483072916667,0,0,0,0,0,0,0,0,0,0,0,0,0,0,0,0,0,0,0,0,0,0,2,0,0,0,0,0,0,0,0,0,0,0,0,0,0,0,0,0,0,0,0,0,0,0,0,0,0,0,0,0,0,0,0,0,0,0,0,0,0,0,0,0,0,0,0,0,0,0,0,0,0,0,0,0,0,0,0,0,0,0,0,0,0
D20180201T114755_IFCB102,01-Feb-2018 11:47:55,4.12785991666667,0,0,0,4,7,1,1,1,0,8,0,0,17,0,4,1,30,43,2,1,17,0,199,2,1394,0,309,0,0,0,0,0,0,16,1,0,0,21,2,1,0,0,0,9,0,0,0,0,0,0,0,0,0,0,0,0,1,0,0,0,0,0,1,0,0,0,0,11,0,0,0,0,0,0,0,0,1,5,0,0,0,0,0,0,0
D20180201T163055_IFCB102,01-Feb-2018 16:30:55,4.04907246666667,0,0,1,2,3,0,0,0,0,0,0,0,0,0,0,0,0,2,0,0,1,0,14,0,0,0,0,0,0,0,0,0,0,0,0,0,0,3,0,1,0,0,0,0,0,0,0,0,0,0,0,0,0,0,0,0,0,0,0,0,0,0,0,0,0,0,0,0,0,0,0,0,0,0,0,0,0,0,0,0,0,0,0,0,0
D20180201T165344_IFCB102,01-Feb-2018 16:53:44,4.03059722083333,0,0,0,1,1,0,0,1,0,0,0,0,0,0,0,0,1,0,2,0,1,0,13,0,0,0,0,0,0,0,0,0,0,0,0,0,0,3,3,3,0,0,0,0,0,0,0,0,0,0,0,0,0,0,0,0,0,0,0,0,0,0,0,0,0,0,0,0,0,0,0,0,0,0,0,0,1,0,0,0,0,0,0,0,0
D20180201T171633_IFCB102,01-Feb-2018 17:16:33,4.049425925,0,0,0,0,1,0,0,0,0,0,0,0,0,0,0,0,1,0,1,0,0,0,16,0,0,0,0,0,0,0,0,0,0,0,0,0,0,7,0,3,0,0,0,0,0,0,0,0,0,0,0,0,0,0,0,0,0,0,0,0,0,0,0,0,0,0,0,0,0,0,0,0,0,0,0,0,0,0,0,0,0,0,0,0,0
D20180201T173922_IFCB102,01-Feb-2018 17:39:22,4.03147925416667,0,0,1,4,2,0,0,0,0,0,0,0,0,0,0,0,0,0,0,0,0,0,13,0,0,0,0,0,0,0,0,0,0,0,0,0,0,5,0,3,0,0,0,0,0,0,0,0,0,0,0,0,0,0,0,0,0,0,0,0,0,0,0,0,0,0,0,0,0,0,0,0,0,0,0,0,1,0,0,0,0,0,0,0,0
D20180201T180211_IFCB102,01-Feb-2018 18:02:11,3.9707128625,0,0,1,0,0,0,1,0,0,0,0,0,0,0,1,0,0,0,0,0,0,0,14,0,0,0,0,0,0,0,0,0,0,0,0,0,0,0,0,0,0,0,0,0,0,0,0,0,0,0,0,0,0,0,0,0,0,0,0,0,0,0,0,0,0,0,0,0,0,0,0,0,0,0,0,0,1,0,0,0,0,0,0,0,0
D20180201T182459_IFCB102,01-Feb-2018 18:24:59,4.16185925833333,0,0,1,2,0,0,0,0,0,0,0,0,0,0,0,0,0,0,0,0,1,0,13,0,0,0,0,0,0,0,0,0,0,0,0,0,0,0,4,0,0,0,0,0,0,0,0,0,0,0,0,0,0,0,0,0,0,0,0,0,0,0,0,0,0,0,0,0,0,0,0,0,0,0,0,0,0,0,0,0,0,0,0,0,0
D20180201T184748_IFCB102,01-Feb-2018 18:47:48,4.23652986666667,0,0,0,3,0,0,0,0,0,0,0,0,0,0,0,0,0,0,0,0,0,0,17,0,0,0,0,0,0,0,0,0,0,0,0,0,0,4,0,0,0,0,0,0,0,0,0,0,0,0,0,0,0,0,0,0,0,0,0,0,0,0,0,0,0,0,0,0,0,0,0,0,0,0,0,0,0,0,0,0,0,0,0,0,0
D20180201T191037_IFCB102,01-Feb-2018 19:10:37,4.242025075,0,0,1,4,5,1,0,3,0,2,0,0,6,3,15,0,18,26,1,0,12,0,358,4,1155,0,2,0,0,0,0,0,0,1,0,0,0,18,0,0,0,1,0,9,0,0,0,0,0,0,0,0,0,0,0,0,2,0,0,0,0,0,0,0,0,0,0,61,0,0,0,0,0,0,0,0,9,2,0,0,0,0,0,0,0
D20180201T193325_IFCB102,01-Feb-2018 19:33:25,4.22867269166667,0,1,0,5,8,2,0,7,0,6,0,0,27,3,9,2,21,19,0,0,24,0,347,4,1228,0,1,0,0,0,0,0,0,0,0,0,0,35,3,1,0,2,0,1,0,0,0,0,0,0,0,0,0,0,1,0,0,0,0,0,0,0,1,0,0,0,0,64,0,0,0,0,0,0,0,0,5,1,0,0,0,0,0,0,0
D20180201T195614_IFCB102,01-Feb-2018 19:56:14,4.2515781625,2,0,1,7,8,0,0,3,0,1,0,0,20,0,18,0,18,22,2,0,23,0,360,4,1135,0,2,0,0,0,1,0,0,1,1,0,0,31,0,1,0,3,0,18,0,0,0,0,0,0,0,0,0,0,0,0,1,0,0,0,0,0,0,0,0,0,0,59,1,0,0,0,0,0,0,0,5,4,0,0,0,0,0,0,0
D20180201T201903_IFCB102,01-Feb-2018 20:19:03,4.19167631666667,0,0,1,3,13,2,1,1,0,0,0,0,18,4,3,1,18,16,1,1,24,0,437,5,1276,0,4,0,0,0,0,0,0,0,1,0,0,36,6,0,0,0,0,6,0,0,0,0,0,1,0,0,0,0,0,0,0,0,0,0,0,0,0,0,0,0,0,67,1,0,0,0,0,1,0,0,6,6,0,0,0,0,0,0,0
D20180201T204151_IFCB102,01-Feb-2018 20:41:51,4.26345694166667,0,1,1,3,5,0,0,3,0,2,0,0,9,1,4,0,21,11,1,0,18,0,262,1,928,0,2,0,0,0,0,0,0,0,0,0,0,24,1,0,0,0,0,7,0,0,0,0,0,0,0,0,0,0,0,0,1,0,0,0,0,0,0,0,0,0,0,27,0,0,0,0,0,0,0,0,3,3,0,0,0,0,0,0,0
D20180201T210440_IFCB102,01-Feb-2018 21:04:40,4.34358725,0,0,1,0,9,1,1,6,0,1,0,0,5,1,3,0,12,9,1,1,20,0,255,3,755,0,0,0,0,0,0,0,0,1,0,0,0,11,0,0,0,0,0,5,0,0,0,0,0,0,0,0,0,0,0,0,0,0,0,0,0,0,0,0,0,0,0,64,0,0,0,0,0,0,0,0,1,2,0,0,0,0,0,0,0
D20180201T212729_IFCB102,01-Feb-2018 21:27:29,4.2316007125,0,1,0,3,7,3,1,3,0,4,0,0,12,4,11,0,14,31,0,0,19,0,409,6,1197,0,0,0,0,0,0,0,0,5,1,0,0,6,0,1,0,2,0,4,0,0,1,0,0,0,0,0,0,0,0,0,0,0,0,0,0,0,0,0,0,0,0,40,4,0,0,0,0,0,0,0,6,4,0,0,0,0,0,0,0
D20180201T215017_IFCB102,01-Feb-2018 21:50:17,4.16633765416667,0,0,3,7,8,2,1,2,0,4,0,0,16,1,11,2,21,28,2,0,32,0,479,8,1211,0,0,0,0,0,0,0,0,1,1,0,0,12,0,1,0,0,0,12,0,0,1,0,0,0,0,0,0,0,0,0,0,0,0,0,0,0,0,0,1,0,0,36,0,0,0,0,0,0,0,0,4,7,0,0,0,0,0,0,0
D20180201T221306_IFCB102,01-Feb-2018 22:13:06,4.00078299166667,0,0,0,4,13,2,0,6,0,2,0,0,7,2,5,1,14,20,2,0,18,0,623,11,1428,0,0,0,0,0,0,0,0,0,0,0,0,14,0,0,0,2,0,4,0,0,0,0,0,0,0,0,0,0,0,0,0,0,0,0,0,0,1,1,0,0,1,36,1,0,0,0,0,0,0,0,5,7,0,0,0,0,0,0,0
D20180201T223555_IFCB102,01-Feb-2018 22:35:55,3.83008190416667,0,1,3,5,1,0,0,2,0,0,0,0,2,2,0,2,1,3,3,0,41,0,613,18,1865,0,0,0,0,0,1,0,0,1,0,0,0,8,0,1,0,10,0,2,0,0,0,0,0,0,0,0,0,0,0,0,0,0,0,0,0,0,0,0,0,0,1,34,0,0,0,0,0,0,0,0,2,3,0,0,0,0,0,0,0
D20180201T225844_IFCB102,01-Feb-2018 22:58:44,3.74634749583333,0,3,6,4,2,0,0,2,0,0,0,0,1,0,0,0,4,2,5,1,27,0,632,15,2021,0,0,0,0,0,0,0,0,2,0,0,1,0,0,1,0,2,0,2,0,0,0,0,0,0,0,0,0,0,0,0,0,0,1,0,0,0,0,0,0,0,0,55,5,0,0,0,0,0,0,0,2,3,0,0,0,0,1,0,0
D20180201T232132_IFCB102,01-Feb-2018 23:21:32,3.71929327916667,0,2,6,3,3,1,0,2,0,0,0,0,3,0,0,0,2,5,5,5,34,0,505,14,2031,0,0,1,0,0,0,0,0,0,0,0,0,3,0,0,0,2,0,1,0,0,0,0,0,0,1,0,0,0,0,0,0,0,0,0,0,0,0,0,0,0,0,25,0,0,0,0,0,0,0,0,1,5,0,0,0,0,0,0,0
D20180201T234421_IFCB102,01-Feb-2018 23:44:21,3.78156844166667,1,1,4,6,4,2,0,4,0,0,0,0,0,0,0,2,0,0,4,1,30,0,487,24,1988,0,11,0,0,0,0,0,0,2,0,0,0,3,0,2,0,2,0,8,0,0,1,0,0,0,0,0,0,0,0,0,0,0,0,0,0,0,0,0,0,0,0,34,0,0,0,0,0,0,0,0,1,7,0,0,0,0,0,0,0
D20180202T000710_IFCB102,02-Feb-2018 00:07:10,3.81870549583333,0,0,7,3,2,0,0,0,0,0,0,0,1,0,0,0,8,2,3,0,33,0,492,23,1858,0,9,0,0,0,0,0,0,1,0,0,0,2,0,0,0,7,0,2,0,0,0,0,0,0,0,0,0,0,0,0,0,0,1,0,0,0,0,0,0,0,0,25,0,1,0,0,0,0,0,0,3,8,0,0,0,0,0,0,0
D20180202T005247_IFCB102,02-Feb-2018 00:52:47,3.82806895833333,0,1,11,8,3,0,0,2,0,0,0,0,0,0,0,0,5,1,5,2,32,0,508,25,1874,0,4,0,0,0,0,0,0,0,0,0,0,3,0,2,0,7,0,2,0,0,0,0,0,0,0,0,0,0,0,0,0,0,0,0,0,0,1,0,0,0,0,29,0,0,0,0,0,0,0,0,2,5,0,0,0,0,0,0,0
D20180202T011536_IFCB102,02-Feb-2018 01:15:36,3.89608572916667,0,0,5,2,4,0,0,0,0,0,0,0,0,0,0,0,0,1,5,2,18,0,513,14,1809,0,5,0,0,0,0,0,0,0,0,0,0,3,0,3,0,0,0,3,0,2,0,0,0,0,0,0,0,0,0,0,1,0,0,0,0,0,0,0,0,0,0,25,2,0,0,0,0,0,0,0,0,5,0,0,0,0,0,0,0
D20180202T013825_IFCB102,02-Feb-2018 01:38:25,3.94887341666667,0,1,9,5,3,0,0,1,0,0,0,0,0,0,1,0,5,3,8,0,22,0,422,10,1735,0,10,0,0,0,0,0,0,0,0,0,0,4,0,1,0,6,0,8,0,0,0,0,0,0,0,0,0,0,0,0,0,0,0,0,0,0,0,0,0,0,0,25,0,0,0,0,0,0,0,0,2,4,0,0,0,0,0,0,0
D20180202T020114_IFCB102,02-Feb-2018 02:01:14,4.04016969583333,0,3,0,10,5,0,0,0,0,0,0,0,0,0,0,0,3,2,5,0,20,0,445,15,1523,0,7,0,0,0,0,0,0,0,0,0,0,5,0,0,0,2,0,4,0,0,0,0,0,0,0,0,0,0,0,0,0,0,0,0,0,0,0,0,0,0,0,25,1,0,0,0,0,0,0,0,3,2,0,0,0,0,0,0,0
D20180202T022403_IFCB102,02-Feb-2018 02:24:03,4.08414170833333,0,2,2,7,3,0,0,0,0,0,0,0,1,0,0,0,1,8,5,0,24,0,447,6,1446,0,14,0,0,1,0,0,0,0,0,0,0,3,0,0,0,5,0,3,0,0,0,0,0,0,0,0,0,0,0,0,0,0,0,0,0,0,0,0,0,0,0,30,3,0,0,0,0,0,0,0,2,1,0,0,0,0,0,0,0
D20180202T024651_IFCB102,02-Feb-2018 02:46:51,4.06356522083333,0,1,3,4,5,0,0,0,0,0,0,0,0,1,0,0,1,0,3,1,13,0,453,9,1481,0,2,0,0,0,0,0,0,0,0,0,0,2,0,1,0,2,0,3,0,0,0,0,0,0,0,0,0,0,0,0,0,0,0,0,0,0,0,0,0,0,0,30,1,0,0,0,0,0,0,0,4,5,0,0,0,0,0,0,0
D20180202T085151_IFCB102,02-Feb-2018 08:51:51,4.10165518333333,1,0,0,0,3,0,0,0,0,0,0,0,0,0,0,0,1,0,4,0,20,0,433,9,1474,0,3,2,0,0,0,0,0,0,0,0,0,5,0,1,0,3,0,5,0,0,0,0,0,0,0,0,0,0,0,0,0,0,0,0,0,0,0,0,0,0,0,12,0,0,0,0,0,0,0,0,3,0,0,0,0,0,0,0,0
D20180202T091440_IFCB102,02-Feb-2018 09:14:40,4.07661592916667,0,0,3,11,2,0,0,0,0,0,0,0,0,0,0,0,0,0,7,1,27,0,471,12,1438,0,0,0,0,0,0,0,0,0,0,0,0,1,0,2,0,10,0,3,0,0,0,0,0,0,0,0,0,0,0,0,0,0,0,0,0,0,0,0,0,1,0,17,0,0,0,0,0,0,0,0,2,3,0,0,0,0,0,0,0
D20180202T093729_IFCB102,02-Feb-2018 09:37:29,4.0744867375,0,0,4,8,6,0,0,1,0,0,0,0,1,0,0,0,3,0,7,0,20,0,484,11,1449,0,0,0,0,0,0,0,0,1,0,0,0,0,0,1,0,4,0,5,0,1,0,0,0,0,0,0,0,0,0,0,0,0,0,0,0,0,0,0,0,0,0,11,0,0,0,0,0,0,0,0,3,3,0,0,0,0,0,0,0
D20180202T100018_IFCB102,02-Feb-2018 10:00:18,4.06955295,0,0,6,7,2,0,0,0,0,0,0,0,2,0,3,0,2,3,4,1,26,0,453,7,1455,0,12,0,0,0,0,0,0,2,0,0,0,1,0,0,0,13,0,4,0,0,0,0,0,0,0,0,0,0,0,0,0,0,1,0,0,0,0,0,0,1,0,19,0,0,0,0,0,0,0,0,5,0,0,0,0,0,1,0,0
D20180202T102306_IFCB102,02-Feb-2018 10:23:06,4.0053288875,0,0,3,9,4,0,0,2,0,0,0,0,0,0,0,0,3,2,8,0,26,0,460,7,1487,0,13,0,0,0,0,0,0,0,0,0,0,2,0,1,0,2,0,4,0,0,1,0,0,0,0,0,0,0,0,0,0,0,0,0,0,0,0,0,0,0,0,10,1,0,0,0,0,0,0,0,1,1,0,1,0,0,0,0,0
D20180202T104555_IFCB102,02-Feb-2018 10:45:55,4.06256842083333,0,0,4,6,4,0,0,2,0,0,0,0,3,0,0,0,3,0,2,1,20,0,417,6,1366,0,24,0,0,0,0,0,0,0,0,0,0,2,0,0,0,1,0,2,0,0,0,0,0,0,0,0,0,0,0,0,0,0,0,0,0,0,0,0,0,0,0,8,0,0,0,0,0,0,0,0,2,1,0,0,0,0,1,0,0
D20180202T110844_IFCB102,02-Feb-2018 11:08:44,4.01638262916667,0,0,3,4,5,0,0,0,0,0,0,0,0,1,1,0,1,1,1,0,20,0,442,4,1563,0,13,0,0,0,0,0,0,0,0,0,0,1,0,2,0,0,0,3,0,0,0,0,0,0,0,0,0,0,0,0,0,0,1,0,0,0,0,0,0,0,0,10,0,0,0,0,0,0,0,0,2,1,0,0,0,0,0,0,0
D20180202T113133_IFCB102,02-Feb-2018 11:31:33,3.84726926666667,0,0,6,6,2,0,0,1,0,0,0,0,1,0,0,1,5,2,3,0,30,0,533,7,1839,0,11,0,0,0,0,0,0,0,0,0,0,2,1,0,0,0,0,8,0,0,0,0,0,0,0,0,0,0,0,0,0,0,1,0,0,0,0,0,0,1,0,6,2,0,0,0,0,0,0,0,2,1,0,0,0,0,0,0,0
D20180202T115422_IFCB102,02-Feb-2018 11:54:22,3.89298317083333,0,1,4,6,8,0,0,0,0,0,0,0,0,0,0,0,1,1,2,2,17,0,425,4,1748,0,22,0,0,0,0,0,0,1,0,0,0,2,0,1,0,3,0,6,0,0,0,0,0,0,0,0,0,0,0,0,0,0,1,0,0,0,0,0,0,0,0,35,6,0,0,0,0,0,0,0,3,2,0,0,0,0,0,0,0
D20180202T121710_IFCB102,02-Feb-2018 12:17:10,3.9170456,0,1,2,5,4,0,0,2,0,0,0,0,0,0,1,0,2,0,5,0,18,0,449,5,1687,0,14,0,0,0,0,0,0,1,0,0,0,0,0,2,0,1,0,3,0,0,0,0,0,0,0,0,0,0,0,0,0,0,1,0,0,0,0,0,0,0,0,5,0,0,0,0,0,0,0,0,1,4,0,0,0,0,0,0,0
D20180202T123959_IFCB102,02-Feb-2018 12:39:59,3.91305275,0,0,3,2,4,0,0,1,0,0,0,0,1,0,0,0,3,2,1,1,13,0,428,9,1643,0,14,0,0,0,0,0,0,0,0,0,0,1,0,0,0,1,0,4,0,0,0,0,0,0,0,0,0,0,0,0,0,0,1,0,0,0,0,0,0,0,0,4,0,0,0,0,0,0,0,0,0,0,0,0,0,0,0,0,0
D20180202T130248_IFCB102,02-Feb-2018 13:02:48,3.76502869166667,0,3,4,7,5,0,0,0,0,1,0,0,0,0,0,0,4,0,0,1,27,0,415,15,1882,0,6,0,0,0,0,0,0,2,1,0,0,5,0,0,0,2,0,4,0,0,0,0,0,0,0,0,0,0,0,0,0,0,0,0,0,0,1,0,0,0,0,5,0,0,0,0,0,0,0,0,3,4,0,0,0,0,0,0,0
D20180202T132537_IFCB102,02-Feb-2018 13:25:37,3.65955532916667,0,0,2,7,7,0,0,3,0,0,0,0,2,0,0,0,1,0,3,0,17,0,397,20,2112,0,5,0,0,0,0,0,0,2,1,0,0,3,0,0,0,4,0,5,0,0,0,0,0,0,0,0,0,0,0,0,0,0,1,0,0,0,1,0,0,0,0,2,5,0,0,0,0,0,0,0,1,2,0,0,0,0,0,0,0
D20180202T134826_IFCB102,02-Feb-2018 13:48:26,3.57128686666667,0,2,3,2,1,0,0,5,0,0,0,0,0,0,0,0,0,1,1,1,20,0,353,14,2193,0,6,0,0,0,0,0,0,1,1,0,0,1,0,2,0,3,0,2,0,0,0,0,0,0,0,1,0,0,0,0,0,0,0,0,0,0,1,0,0,0,0,18,5,0,0,0,0,0,0,0,1,4,0,0,0,0,0,0,0
D20180202T141115_IFCB102,02-Feb-2018 14:11:15,3.54611527083333,0,2,1,5,1,0,0,1,0,0,0,0,0,0,0,0,1,0,1,0,17,0,395,14,2289,0,4,0,0,0,0,0,0,0,0,0,0,6,0,1,0,1,0,4,0,0,0,0,0,0,0,0,0,0,0,0,0,0,0,0,0,0,0,0,0,0,0,23,8,0,0,0,0,0,0,0,1,1,0,0,0,0,0,0,0
D20180202T143403_IFCB102,02-Feb-2018 14:34:03,3.55167065416667,0,1,2,5,3,0,0,3,0,0,0,0,0,0,0,0,1,0,2,0,18,0,388,19,2325,0,7,0,0,0,0,0,0,0,0,0,0,2,0,1,0,2,0,7,0,0,0,0,0,0,0,0,0,0,0,0,0,0,0,0,0,0,0,0,0,0,0,16,8,0,0,0,0,0,0,0,1,1,0,0,0,0,0,0,0
D20180202T145652_IFCB102,02-Feb-2018 14:56:52,3.51264455833333,0,1,2,2,1,0,0,3,0,0,1,0,1,0,0,0,1,1,0,0,18,0,446,22,2338,0,4,0,0,0,0,0,0,0,1,0,0,6,0,1,0,2,0,5,0,0,0,0,0,0,0,0,0,0,0,0,0,0,0,0,0,0,0,0,0,0,0,8,0,0,0,0,0,0,0,0,0,6,0,0,0,0,0,0,0
D20180202T151941_IFCB102,02-Feb-2018 15:19:41,3.51807336666667,0,0,4,0,0,0,0,4,0,0,0,0,0,0,0,0,0,1,2,0,14,0,343,24,2434,0,8,0,0,0,0,0,0,1,0,0,0,2,1,0,0,2,0,9,0,0,0,0,0,0,0,0,0,0,0,0,0,0,0,0,0,0,0,0,0,0,0,5,2,0,0,0,0,0,0,0,0,4,0,0,0,0,0,0,0
D20180202T171345_IFCB102,02-Feb-2018 17:13:45,3.52460061666667,0,0,2,7,1,0,0,3,0,0,0,0,1,0,1,1,2,0,4,1,20,1,332,4,2538,0,15,1,1,0,0,0,0,1,0,0,0,18,0,0,0,5,0,25,0,0,0,0,0,0,0,0,0,0,0,0,0,0,1,0,0,0,0,0,0,0,0,4,4,0,0,0,0,0,0,0,0,5,0,0,0,0,0,0,0
D20180202T173634_IFCB102,02-Feb-2018 17:36:34,3.54809890416667,0,1,4,1,1,0,0,3,0,0,0,0,0,0,0,0,2,0,2,0,13,306,295,1,2422,0,3,0,0,0,0,0,0,0,3,1,0,22,0,2,1,2,0,11,0,0,0,0,0,0,0,0,0,0,0,0,0,0,0,0,0,0,1,0,0,0,0,2,3,0,0,0,0,0,0,0,0,0,0,0,0,0,0,0,0
D20180202T210154_IFCB102,02-Feb-2018 21:01:54,3.34616410833333,1,3,3,2,2,0,0,2,0,0,0,0,0,0,0,0,0,0,2,1,24,0,402,21,3228,0,6,0,0,1,0,0,0,0,0,0,0,12,0,2,0,2,0,4,0,0,0,0,0,0,0,0,0,0,0,0,0,0,0,0,0,0,1,0,0,0,0,2,1,0,0,0,0,0,0,0,0,6,0,0,0,0,0,0,0
D20180202T212443_IFCB102,02-Feb-2018 21:24:43,3.35974729583333,0,1,3,1,1,0,0,2,0,0,0,0,0,0,0,1,1,0,1,0,23,0,408,16,3225,0,15,0,0,0,0,0,0,2,0,0,0,10,0,2,0,1,0,5,0,0,0,0,0,0,0,0,0,0,0,0,0,0,0,0,0,0,0,0,0,0,0,2,1,0,0,0,0,0,0,0,0,11,0,0,0,0,0,0,0
D20180202T214732_IFCB102,02-Feb-2018 21:47:32,3.35293694583333,0,3,3,1,1,0,0,4,0,0,0,0,1,0,0,0,0,0,3,2,13,0,452,17,3273,0,4,0,0,0,0,0,0,0,2,0,0,9,0,3,0,2,0,6,0,0,0,0,0,0,0,0,0,0,0,0,0,0,0,0,0,0,0,0,0,0,0,3,1,0,0,0,0,0,0,0,2,9,0,0,0,0,0,0,0
D20180203T024407_IFCB102,03-Feb-2018 02:44:07,3.69132605416667,0,0,4,1,0,0,0,8,0,0,0,0,0,0,0,0,0,0,2,0,13,0,362,11,2615,0,19,1,0,0,0,0,0,1,0,0,0,10,0,2,0,1,0,5,0,0,3,0,0,0,0,0,0,0,0,0,0,0,0,0,0,0,1,0,0,0,0,1,0,0,0,0,0,0,0,0,1,6,0,0,0,0,0,2,0
D20180203T073635_IFCB102,03-Feb-2018 07:36:35,3.5137648625,0,2,1,2,2,0,0,5,0,0,0,0,0,0,0,0,1,0,2,0,15,0,304,14,2723,0,20,1,0,2,0,0,0,0,2,0,0,12,0,0,0,5,0,4,0,0,3,0,0,0,0,0,0,0,0,0,0,0,0,0,0,0,0,0,0,0,0,0,0,0,0,0,0,0,0,0,2,5,0,0,1,0,0,0,0
D20180203T075856_IFCB102,03-Feb-2018 07:58:56,3.50503338333333,0,1,3,1,1,0,0,3,0,0,0,0,1,0,0,0,1,0,1,2,15,0,260,23,2785,0,26,1,0,0,0,0,0,0,0,0,0,9,0,0,0,1,0,5,0,0,1,0,0,0,0,0,0,0,0,0,0,0,1,0,0,0,1,0,0,0,0,0,1,0,0,0,0,0,0,0,2,10,0,1,0,0,0,1,0
D20180203T082118_IFCB102,03-Feb-2018 08:21:18,3.6221157875,0,1,1,1,1,0,0,6,0,1,0,0,0,0,0,0,1,1,3,0,16,0,232,17,2336,0,10,0,0,1,1,0,0,0,0,0,0,9,0,0,0,2,0,5,0,0,0,0,0,0,0,0,0,0,0,0,0,0,0,0,0,0,0,0,0,0,0,0,0,0,0,0,0,0,0,0,0,15,0,3,0,0,0,1,0
D20180203T084339_IFCB102,03-Feb-2018 08:43:39,3.49342852083333,0,0,2,2,0,0,0,4,0,0,0,0,0,0,0,1,0,1,1,0,14,0,273,16,2776,0,10,0,0,1,0,0,0,0,0,0,0,7,0,0,0,0,0,7,0,0,0,1,0,0,0,0,0,0,0,0,0,0,0,0,0,0,0,0,0,1,0,0,0,0,0,0,0,0,0,0,0,10,0,1,0,0,0,0,0
D20180203T090601_IFCB102,03-Feb-2018 09:06:01,3.52427943333333,0,1,1,1,0,0,0,3,0,1,0,0,0,0,0,0,1,0,2,0,15,0,285,17,2628,0,18,0,0,0,0,2,0,0,0,0,0,16,0,0,0,1,0,3,0,0,0,0,0,0,0,0,0,0,0,0,0,0,0,0,0,0,0,0,0,0,0,0,1,0,0,0,0,0,0,0,1,7,0,2,0,0,0,0,0
D20180203T092822_IFCB102,03-Feb-2018 09:28:22,3.6088801625,0,3,1,2,2,0,0,2,0,0,0,0,1,0,0,0,0,0,1,0,12,0,253,20,2441,0,12,0,0,0,0,0,0,0,0,0,0,16,0,0,0,2,0,6,0,0,0,0,0,0,0,0,0,0,0,0,0,0,0,0,0,0,0,0,0,0,0,0,0,1,0,0,0,0,0,0,2,6,0,2,0,0,0,0,0
D20180203T095043_IFCB102,03-Feb-2018 09:50:43,3.52492206666667,0,0,0,2,1,0,0,6,0,0,0,0,1,0,0,0,2,0,1,2,6,0,292,12,2623,0,20,0,0,0,0,0,0,1,0,0,0,25,0,1,0,1,0,8,0,0,0,0,0,0,0,0,0,0,0,0,0,0,0,0,0,0,1,0,0,1,0,0,0,0,0,0,0,0,0,0,2,10,0,2,0,0,0,0,0
D20180203T101305_IFCB102,03-Feb-2018 10:13:05,3.5719974125,0,2,4,1,0,2,0,2,0,0,0,0,0,0,0,0,0,0,2,0,9,0,266,10,2456,0,17,0,0,0,0,0,0,1,0,0,0,31,0,2,0,0,0,8,0,0,0,0,0,0,0,0,0,0,1,0,0,0,1,0,0,0,1,0,0,0,0,0,1,0,0,0,0,0,0,0,3,11,0,0,0,0,0,0,0
D20180203T103526_IFCB102,03-Feb-2018 10:35:26,3.64251595833333,0,0,0,0,2,0,0,9,0,0,0,0,0,0,0,0,0,0,0,0,14,0,208,14,2404,0,11,0,0,0,0,0,0,0,1,0,0,18,0,0,0,0,0,3,0,0,0,0,0,0,0,0,0,0,0,0,0,0,0,0,0,0,0,0,0,0,0,0,0,0,0,0,0,0,0,0,1,12,0,1,1,0,0,0,0
D20180203T105748_IFCB102,03-Feb-2018 10:57:48,3.59150475833333,1,3,2,1,6,0,0,8,0,0,0,0,0,0,0,0,1,0,1,0,17,0,255,17,2415,0,15,0,0,0,0,0,0,0,0,0,0,15,0,0,0,0,0,10,0,0,0,0,0,0,0,0,0,0,0,0,0,0,0,0,0,0,0,0,0,0,0,0,0,0,0,0,0,0,0,1,0,14,0,3,0,0,0,0,0
D20180203T112009_IFCB102,03-Feb-2018 11:20:09,3.73448592083333,0,0,3,1,3,0,0,5,0,0,0,0,1,0,0,0,0,0,0,0,7,0,64,1,7,0,0,0,0,0,0,0,0,0,1,0,0,2,0,1,0,1,0,0,0,0,0,0,0,0,0,0,0,0,0,0,0,0,0,0,0,0,0,0,0,0,0,0,0,0,0,0,0,0,0,0,0,3,0,0,0,0,0,0,0
D20180203T122713_IFCB102,03-Feb-2018 12:27:13,3.97697407916667,0,0,1,0,3,0,0,5,0,0,0,0,0,0,0,0,0,0,1,1,12,0,51,4,0,0,0,0,0,0,0,0,0,0,0,0,0,8,0,0,0,0,0,0,0,0,0,1,0,0,0,0,0,0,0,0,0,0,0,0,0,0,2,0,0,0,0,0,0,0,0,0,0,0,0,0,0,6,0,1,0,0,0,0,0
D20180203T124934_IFCB102,03-Feb-2018 12:49:34,3.99825361666667,0,0,2,1,1,0,0,2,0,0,0,0,0,0,0,0,0,0,4,2,2,0,44,1,0,0,0,0,2,0,0,0,0,0,0,0,0,3,0,1,0,1,0,0,0,0,0,0,0,0,0,0,0,0,0,0,0,0,0,0,0,0,1,0,0,0,0,0,0,0,0,0,0,0,1,0,1,7,0,1,0,0,0,0,0
D20180203T131156_IFCB102,03-Feb-2018 13:11:56,3.99397165416667,0,1,2,0,3,0,0,3,0,1,0,0,0,0,0,0,0,0,0,0,14,0,45,5,0,0,0,0,0,0,0,0,0,0,0,0,0,5,0,0,0,1,0,0,0,1,0,1,0,0,0,0,0,0,0,0,0,0,0,0,0,0,0,0,0,0,0,0,0,0,0,0,0,0,0,0,0,5,0,4,0,0,0,0,0
D20180203T135638_IFCB102,03-Feb-2018 13:56:38,3.59562635416667,0,0,2,0,0,0,0,3,0,0,0,0,0,0,0,0,1,0,0,1,9,0,82,4,2,0,0,0,0,0,0,0,0,0,0,0,0,7,0,0,0,1,0,0,0,0,0,0,0,0,0,0,0,0,0,0,0,0,0,0,0,0,1,0,0,0,0,0,0,0,0,0,0,0,0,0,1,6,0,1,0,0,0,0,0
D20180203T141900_IFCB102,03-Feb-2018 14:19:00,3.64952740416667,0,1,1,2,6,0,0,6,0,0,0,0,0,0,0,0,1,1,1,1,13,0,272,12,1062,0,8,0,1,0,0,0,0,0,0,0,0,23,0,1,0,0,0,4,0,0,0,0,0,0,0,0,0,0,1,0,0,0,0,0,0,0,0,0,0,0,0,0,0,0,0,0,0,0,0,0,1,13,0,3,0,0,0,0,0
D20180203T174012_IFCB102,03-Feb-2018 17:40:12,3.43624390416667,0,1,0,2,3,0,0,5,0,1,0,0,0,0,0,0,1,0,3,0,12,0,336,9,1371,0,3,0,0,0,0,0,0,0,0,0,0,27,0,0,0,3,0,2,0,1,0,1,0,0,0,0,0,0,0,0,0,0,0,0,0,0,2,0,0,0,0,0,0,0,0,0,0,0,0,0,1,6,0,2,0,0,0,0,0
D20180203T180234_IFCB102,03-Feb-2018 18:02:34,3.42572386666667,0,0,2,3,3,0,0,6,0,0,0,0,0,0,0,0,0,0,3,0,10,0,397,9,1240,0,5,0,0,0,0,0,0,1,1,0,0,15,0,0,0,0,0,6,0,0,0,0,0,0,0,0,0,0,0,0,0,0,0,0,0,0,0,0,0,0,0,0,0,0,0,0,0,0,0,0,0,11,0,3,0,0,0,0,0
D20180203T182455_IFCB102,03-Feb-2018 18:24:55,3.43319251666667,1,1,2,2,2,0,0,13,0,1,0,0,0,0,0,0,2,0,4,1,11,0,396,11,1300,0,3,0,0,0,0,0,0,0,0,0,0,23,0,0,0,1,0,7,0,0,0,0,0,0,0,0,0,0,0,0,0,0,0,0,0,0,0,0,0,0,0,0,0,0,0,0,0,0,0,0,1,12,0,0,1,0,0,0,0
D20180203T184716_IFCB102,03-Feb-2018 18:47:16,3.374855875,0,0,0,1,3,0,0,12,0,2,0,0,0,0,0,0,2,0,3,1,12,0,400,14,1383,0,5,0,1,0,0,0,0,0,0,0,0,11,0,0,0,0,1,2,0,0,0,0,0,0,0,0,0,0,0,0,0,0,0,0,0,0,0,0,0,0,0,0,0,0,0,0,0,0,0,0,0,11,0,1,0,0,0,0,0
D20180203T190938_IFCB102,03-Feb-2018 19:09:38,3.36366889166667,0,1,2,2,4,0,0,6,0,1,0,0,1,0,0,0,1,1,3,0,11,0,432,10,1445,0,2,0,0,0,0,0,0,1,1,0,0,21,0,1,0,0,0,2,0,0,0,0,0,0,0,0,0,0,0,0,0,0,0,0,0,0,0,0,0,0,0,0,0,0,0,0,0,0,0,0,0,6,0,0,0,0,0,0,0
D20180203T193159_IFCB102,03-Feb-2018 19:31:59,3.388847575,0,2,2,1,3,0,0,3,0,0,0,0,0,0,0,0,3,0,4,1,12,0,446,8,1451,0,2,0,1,0,0,0,0,0,1,0,0,8,0,0,0,0,0,7,0,0,0,0,0,0,0,0,0,0,0,0,0,0,0,0,0,0,0,0,0,0,0,0,0,1,0,0,0,0,0,0,0,5,0,0,0,0,0,0,0
D20180203T195421_IFCB102,03-Feb-2018 19:54:21,3.38127802916667,0,0,3,2,5,0,0,8,0,0,0,0,0,0,0,0,0,0,1,0,10,0,473,9,1323,0,1,0,1,0,0,0,0,0,1,0,0,16,0,1,0,0,0,3,0,0,0,0,0,0,0,0,0,0,0,0,0,0,0,0,0,0,0,0,0,0,0,0,0,0,0,0,0,0,0,0,0,7,0,1,0,0,0,0,0
D20180203T223051_IFCB102,03-Feb-2018 22:30:51,3.43652149166667,0,0,2,1,0,0,0,3,0,0,0,0,0,0,0,0,0,0,1,0,15,0,374,10,1203,0,1,0,0,0,0,0,0,0,0,0,0,15,0,1,0,1,0,4,0,0,0,0,0,0,0,0,0,0,0,0,0,0,1,0,0,0,0,0,0,0,0,0,0,0,0,0,0,0,0,0,0,4,0,0,0,0,0,0,0
D20180203T225313_IFCB102,03-Feb-2018 22:53:13,3.41269184166667,0,0,0,1,1,0,0,2,0,0,0,0,0,1,1,0,2,0,1,1,6,0,352,6,1167,0,0,0,0,0,0,0,0,0,1,0,0,42,0,0,0,3,0,28,0,0,0,0,0,0,0,0,0,0,0,0,0,0,1,0,0,0,0,0,0,0,0,0,1,0,0,0,0,0,0,0,0,0,0,0,0,0,0,0,0
D20180203T231534_IFCB102,03-Feb-2018 23:15:34,3.45249735833333,0,0,1,3,0,0,0,6,0,0,0,0,1,0,1,0,3,0,0,1,2,0,375,4,1135,0,0,0,0,0,0,0,0,0,0,0,0,31,0,0,0,2,0,20,0,0,0,0,0,0,0,0,0,0,0,0,0,0,1,0,0,0,0,0,0,0,0,0,0,0,0,0,0,0,0,0,0,0,0,0,0,0,0,0,0
D20180203T233756_IFCB102,03-Feb-2018 23:37:56,3.49892975,0,0,1,2,1,0,0,4,0,0,0,0,0,0,0,0,0,0,0,0,4,1,324,3,1040,0,0,0,0,0,0,0,0,0,0,0,0,50,0,2,0,5,0,22,0,0,0,0,0,0,0,0,0,0,0,0,0,0,0,0,0,0,0,0,0,0,0,0,0,0,0,0,0,0,0,0,0,1,0,0,0,0,0,0,0
D20180204T000017_IFCB102,04-Feb-2018 00:00:17,3.54039444166667,0,0,3,3,1,0,0,3,0,0,0,0,0,0,1,0,3,0,3,0,4,10,298,1,2436,0,0,0,0,0,0,0,0,0,0,0,0,61,0,1,0,2,0,34,0,0,1,0,0,0,0,0,0,0,0,0,0,0,1,0,0,0,0,0,0,0,0,1,0,0,0,0,0,0,0,0,0,0,0,0,0,0,0,0,0
D20180204T002238_IFCB102,04-Feb-2018 00:22:38,3.50142232916667,0,0,0,1,0,0,0,2,0,0,0,0,0,1,0,0,0,1,2,2,6,20,300,2,2430,0,0,0,0,0,0,0,0,1,0,0,0,68,0,1,0,1,0,29,0,0,1,0,0,0,0,0,0,0,0,0,0,0,0,0,0,0,0,0,0,0,0,0,0,0,0,0,0,0,0,0,0,2,0,0,0,0,0,0,0
D20180204T012943_IFCB102,04-Feb-2018 01:29:43,3.3047651625,0,1,1,2,1,0,0,10,0,1,0,0,0,0,0,0,1,0,0,0,5,17,407,0,2969,0,0,0,0,0,0,0,0,0,0,0,0,95,0,0,0,3,0,30,0,0,0,0,0,0,0,0,0,0,0,0,0,0,0,0,0,0,0,0,0,0,0,0,2,0,0,0,0,0,0,0,0,0,0,0,0,0,0,0,0
D20180204T015204_IFCB102,04-Feb-2018 01:52:04,3.44479954166667,0,2,3,2,0,0,0,2,0,0,0,0,0,0,0,0,2,0,1,0,6,17,380,1,2680,0,0,0,0,0,0,0,0,1,0,0,0,72,1,0,0,1,0,24,0,0,0,0,0,0,0,0,0,0,0,0,0,0,0,0,0,0,0,0,0,0,0,0,0,0,0,0,0,0,0,0,0,0,0,0,0,2,0,0,0
D20180204T021426_IFCB102,04-Feb-2018 02:14:26,3.49946875833333,1,1,1,1,0,0,0,5,0,0,0,0,2,0,0,0,1,0,2,0,11,12,387,0,2641,0,0,0,0,0,0,1,0,1,0,0,0,71,0,0,0,3,0,24,0,0,0,0,0,0,0,0,0,0,0,0,0,0,0,0,0,0,0,0,0,0,0,0,0,0,0,0,0,0,0,0,0,0,0,0,0,0,0,0,0
D20180204T023647_IFCB102,04-Feb-2018 02:36:47,3.55377567916667,1,0,3,6,2,0,0,5,0,0,0,0,0,1,0,0,0,0,0,1,6,11,384,0,2529,0,0,0,0,0,0,0,0,2,1,0,0,62,0,0,0,1,0,21,0,0,0,0,0,0,0,0,0,0,0,0,0,0,0,0,0,0,0,0,0,0,0,0,0,0,0,0,0,0,0,0,0,0,0,0,0,1,0,0,0
D20180204T025908_IFCB102,04-Feb-2018 02:59:08,3.567010925,2,0,1,2,1,0,0,1,0,0,0,0,0,0,0,0,1,0,2,1,2,12,376,0,2461,0,0,0,0,0,0,0,0,0,0,0,0,75,0,0,0,1,0,22,0,0,0,0,0,0,0,0,0,0,0,0,0,0,0,0,0,0,0,0,0,0,0,0,1,0,0,0,0,0,0,0,0,0,0,0,0,1,0,0,0
D20180204T032130_IFCB102,04-Feb-2018 03:21:30,3.5876386,0,0,3,2,1,0,0,3,0,0,0,0,0,0,0,0,0,0,2,0,3,12,366,2,2408,0,0,0,0,0,0,0,0,2,1,0,0,57,0,1,0,2,0,22,0,0,0,0,0,0,0,0,0,0,0,0,0,0,0,0,0,0,0,0,0,0,0,0,0,0,0,0,0,0,0,0,0,0,0,0,0,0,0,0,0
D20180204T042834_IFCB102,04-Feb-2018 04:28:34,3.59560605,0,1,0,2,1,0,0,3,0,0,0,0,0,0,0,0,1,0,2,1,6,22,365,0,2425,0,0,0,0,0,0,0,0,1,0,0,0,75,0,1,0,3,0,25,0,0,0,0,0,0,0,0,0,0,0,0,0,0,1,0,0,0,0,0,0,0,0,0,0,0,0,0,0,0,0,0,0,0,0,0,0,0,0,0,0
D20180204T045055_IFCB102,04-Feb-2018 04:50:55,3.6385875125,0,1,1,4,0,0,0,4,0,0,0,0,1,0,0,1,0,1,3,1,6,11,386,0,2288,0,0,0,0,0,0,0,0,0,0,0,0,82,0,0,0,2,0,25,0,0,0,0,0,0,0,0,0,0,0,0,0,0,0,0,0,0,0,0,0,0,0,0,0,0,0,0,0,0,0,0,0,0,0,0,0,0,0,0,0
D20180204T051317_IFCB102,04-Feb-2018 05:13:17,3.78930787083333,0,2,1,1,2,0,0,4,0,0,0,0,0,0,0,0,3,0,1,1,2,18,249,0,1489,0,0,0,0,0,0,0,0,0,0,0,0,52,0,0,0,1,0,28,0,0,2,0,0,0,0,0,0,0,0,0,0,0,1,0,0,0,0,0,0,0,0,0,0,0,0,0,0,0,0,0,0,0,0,0,0,0,0,0,0
D20180204T053538_IFCB102,04-Feb-2018 05:35:38,3.83007345,0,0,1,3,2,0,0,2,0,0,0,0,0,0,0,0,0,1,1,1,4,0,332,0,1928,0,0,0,0,0,0,0,0,1,0,0,0,43,0,0,0,2,0,38,0,0,0,0,0,0,0,0,0,0,0,0,0,0,0,0,0,0,0,0,0,0,0,0,0,0,0,0,0,0,0,0,0,0,0,0,0,0,0,0,0
D20180204T055759_IFCB102,04-Feb-2018 05:57:59,3.81367555416667,0,0,3,6,2,0,0,3,0,0,0,0,0,0,0,0,1,0,3,0,7,0,349,0,1982,1,0,0,0,0,0,0,0,2,0,0,1,46,0,2,1,1,0,33,0,0,1,0,0,0,0,0,0,0,0,0,0,0,0,0,0,0,0,0,0,0,0,0,0,0,0,0,0,0,0,0,0,0,0,0,0,0,0,0,0
D20180204T062021_IFCB102,04-Feb-2018 06:20:21,3.7847423875,0,0,5,8,1,0,0,4,0,0,0,0,0,0,0,0,1,0,5,1,3,2,316,0,2086,0,0,0,0,0,0,1,0,3,1,0,2,46,0,1,0,1,0,35,0,0,1,1,0,0,0,0,0,0,0,0,0,0,0,0,0,0,0,0,0,0,0,1,1,0,0,0,0,0,0,0,0,0,0,0,0,0,0,0,0
D20180204T064242_IFCB102,04-Feb-2018 06:42:42,3.7755081,0,0,3,3,1,0,0,4,0,0,0,0,0,0,0,0,1,0,6,0,5,0,355,0,2035,0,0,1,1,0,0,0,0,2,0,0,0,46,0,0,2,0,0,41,0,0,0,0,0,0,0,0,0,0,0,0,0,0,0,0,0,0,0,0,0,0,0,0,0,0,0,0,0,0,0,0,0,0,0,0,0,0,0,0,0
D20180204T070503_IFCB102,04-Feb-2018 07:05:03,3.74023883333333,0,2,5,4,4,0,0,1,0,0,0,0,2,0,0,0,3,0,4,0,5,2,365,0,2113,0,0,0,0,0,0,0,0,3,0,0,0,54,0,0,0,2,0,33,0,0,0,0,0,0,0,0,0,0,0,0,0,0,0,0,0,0,0,0,0,0,0,0,1,0,0,0,0,0,0,0,0,0,0,0,0,0,0,0,0
D20180204T102615_IFCB102,04-Feb-2018 10:26:15,4.04795369583333,0,0,2,5,3,0,0,3,0,1,0,0,7,1,3,0,7,7,0,0,4,0,196,1,1467,0,0,0,1,0,0,0,0,12,0,0,0,35,0,1,1,2,0,43,0,0,0,0,0,0,0,0,0,0,0,0,0,0,1,0,0,1,0,0,0,0,0,0,0,0,0,0,0,0,0,0,0,0,0,0,0,0,0,0,0
D20180204T104837_IFCB102,04-Feb-2018 10:48:37,4.06318784166667,0,2,2,1,2,0,0,1,0,0,0,0,2,0,3,0,5,13,0,0,1,1,168,2,1462,0,0,0,2,0,0,0,0,14,0,0,0,28,0,1,1,5,0,56,0,0,1,0,0,0,0,0,0,0,0,0,0,0,6,0,0,0,0,0,0,0,0,1,0,0,0,0,0,0,0,0,0,0,0,0,0,0,0,0,0
D20180204T111058_IFCB102,04-Feb-2018 11:10:58,4.0618455125,0,0,1,3,1,3,0,1,0,1,0,0,6,2,2,0,9,13,0,0,8,0,185,1,1454,0,0,0,1,0,0,0,0,13,0,0,0,30,0,0,0,3,0,55,0,0,1,0,0,0,0,0,0,0,0,0,1,0,1,0,0,0,0,0,0,0,0,1,1,0,0,0,0,0,0,0,0,1,0,0,0,0,0,0,0
D20180204T113319_IFCB102,04-Feb-2018 11:33:19,4.09081607916667,0,0,6,2,3,0,0,4,0,1,0,0,11,1,14,0,12,7,2,0,12,1,188,2,1387,0,0,0,3,0,0,1,0,10,0,0,0,36,0,0,0,1,0,66,0,0,0,0,0,0,0,0,0,0,0,0,0,0,2,0,0,0,0,0,0,0,0,0,0,0,0,0,0,0,0,0,0,0,0,0,0,0,0,0,0
D20180204T115540_IFCB102,04-Feb-2018 11:55:40,4.107019975,0,0,1,2,3,0,0,0,0,1,0,0,5,0,7,1,12,18,1,0,14,0,166,1,1346,0,0,0,3,0,0,0,0,25,1,0,0,33,3,1,0,2,0,62,0,0,0,0,0,0,0,0,0,0,0,0,1,0,0,0,0,0,0,0,0,0,0,0,1,0,0,0,0,0,0,0,0,0,0,0,0,0,0,0,0
D20180204T121802_IFCB102,04-Feb-2018 12:18:02,3.9345249375,0,1,2,2,2,1,0,0,0,3,0,0,6,0,14,1,15,21,1,0,16,0,202,1,1697,0,0,0,0,0,0,1,1,9,0,0,0,42,0,0,0,3,0,84,0,0,0,0,0,0,0,0,0,0,0,0,0,0,2,0,0,0,0,0,0,0,0,0,1,0,0,0,0,0,0,0,0,1,0,0,0,0,0,0,0
D20180204T124023_IFCB102,04-Feb-2018 12:40:23,3.91480774583333,0,0,1,1,6,0,0,3,0,2,0,0,5,0,5,1,15,17,1,0,10,0,240,1,1702,0,0,1,0,0,0,0,0,10,0,0,0,42,1,1,1,1,0,85,0,0,0,0,0,0,0,0,0,0,0,0,0,0,2,0,0,0,0,0,0,0,0,0,0,0,0,0,0,0,0,0,0,0,0,0,0,0,0,0,0
D20180204T130244_IFCB102,04-Feb-2018 13:02:44,3.90839815,0,0,0,1,5,0,3,3,0,3,0,0,5,1,17,5,7,11,2,0,8,2,4,1,1636,22,0,0,2,0,0,0,0,3,0,0,0,319,0,1,0,8,0,56,0,0,0,0,0,0,0,0,0,0,0,0,0,0,0,0,1,0,0,0,0,0,0,1,1,0,0,0,0,0,0,0,0,0,0,0,0,0,0,0,0
D20180204T132506_IFCB102,04-Feb-2018 13:25:06,3.89400857083333,0,0,0,1,6,0,0,1,0,2,0,0,5,0,23,4,15,23,1,0,12,1,8,3,1705,13,0,0,0,0,0,0,0,8,0,0,0,263,1,2,0,0,0,60,0,0,0,0,0,0,0,0,0,0,0,0,1,0,0,0,5,0,0,0,0,0,0,0,7,0,0,0,0,0,0,0,0,0,0,0,0,0,0,0,1
D20180204T134727_IFCB102,04-Feb-2018 13:47:27,4.0338559125,1,0,1,1,4,1,0,1,0,6,0,0,5,1,18,4,7,29,0,0,14,1,15,6,1423,17,0,0,2,0,0,0,0,11,0,0,0,251,3,0,0,0,0,83,0,0,0,0,0,0,0,0,0,0,0,0,0,0,0,0,8,0,0,0,0,0,0,0,2,0,0,0,0,0,0,0,1,0,0,0,0,0,0,0,1
D20180204T140948_IFCB102,04-Feb-2018 14:09:48,4.03016445416667,0,0,4,7,2,1,0,1,0,5,0,0,3,5,23,1,14,28,1,0,16,2,15,3,1482,23,0,0,0,0,0,0,0,23,1,0,0,298,3,3,0,2,0,70,0,0,0,0,0,0,0,0,0,0,0,0,0,0,0,0,9,0,0,0,0,0,0,0,0,0,0,0,0,0,0,0,0,0,0,0,0,0,0,0,1
D20180204T143210_IFCB102,04-Feb-2018 14:32:10,4.04261894166667,0,0,4,4,4,0,0,1,0,4,0,0,15,1,21,1,22,20,2,0,16,1,15,2,1442,15,0,0,0,0,0,0,0,11,0,0,0,313,2,0,0,1,0,55,0,0,0,0,0,0,0,0,0,0,0,0,0,0,0,0,6,0,0,0,0,0,0,0,0,0,0,0,0,0,0,0,1,0,0,0,0,0,0,0,0
D20180204T145431_IFCB102,04-Feb-2018 14:54:31,4.0238949375,0,0,7,3,7,0,0,0,0,6,0,0,5,0,20,0,18,35,2,0,21,2,9,3,1518,14,0,0,2,0,0,0,0,11,0,0,0,270,1,2,0,0,0,50,0,0,0,0,0,0,0,0,0,0,0,0,2,0,2,0,8,0,0,0,0,0,0,1,0,0,0,0,0,0,0,0,0,0,0,0,0,0,0,0,0
D20180204T151652_IFCB102,04-Feb-2018 15:16:52,4.06289185416667,0,0,1,4,1,0,0,0,0,7,0,0,12,4,30,3,15,17,3,0,17,2,16,2,1405,15,0,0,1,0,0,1,0,5,0,0,0,320,0,1,0,1,0,62,0,0,0,0,0,0,0,0,0,0,0,0,1,0,0,0,7,0,0,0,0,0,0,0,0,0,0,0,0,0,0,0,1,0,0,0,0,0,0,0,0
D20180204T153914_IFCB102,04-Feb-2018 15:39:14,4.1381946625,0,0,3,5,3,0,2,0,0,19,0,2,8,2,26,1,21,39,6,1,14,0,16,5,1187,16,0,0,2,0,0,0,0,10,0,0,0,348,1,1,0,3,0,47,0,0,1,0,0,0,0,0,0,0,0,0,0,0,1,0,4,0,0,0,0,0,0,0,0,0,0,0,0,0,0,0,0,0,0,0,0,0,0,0,0
D20180204T160135_IFCB102,04-Feb-2018 16:01:35,4.30181985833333,9,0,9,0,2,1,1,3,0,30,1,0,20,1,45,0,11,18,16,0,15,0,29,0,940,23,0,0,1,0,0,0,0,3,0,0,0,336,8,0,0,2,0,45,0,0,0,0,0,0,0,0,0,0,0,0,0,0,0,0,0,0,0,0,0,0,0,0,0,0,0,0,0,0,0,0,1,1,0,0,0,0,0,0,0
D20180204T162356_IFCB102,04-Feb-2018 16:23:56,4.3277898875,7,1,9,1,3,1,1,1,0,30,0,0,13,2,38,2,11,12,14,0,11,3,29,2,938,13,0,0,0,0,0,0,0,1,0,0,0,304,4,0,0,0,0,27,0,0,0,0,0,0,0,0,0,0,0,0,0,0,0,0,3,0,0,0,0,0,0,0,2,0,0,0,0,0,0,0,1,1,0,0,0,0,0,0,1
D20180204T164617_IFCB102,04-Feb-2018 16:46:17,4.2835282,2,0,15,0,3,0,2,0,0,24,0,1,31,0,36,1,5,9,14,0,12,0,26,1,1039,24,0,0,0,0,0,0,0,4,0,0,0,429,2,1,0,0,0,19,0,0,0,0,0,0,0,0,0,0,0,0,0,0,0,0,3,0,0,0,0,0,0,0,2,0,0,0,0,0,0,0,0,0,0,0,0,0,0,0,0
D20180204T170839_IFCB102,04-Feb-2018 17:08:39,0.868225125,0,0,7,0,0,0,0,0,0,8,0,0,12,0,6,0,0,4,4,0,6,0,7,1,236,1,0,0,0,0,0,0,0,2,0,0,0,40,0,0,0,0,0,3,0,0,0,0,0,0,0,0,0,0,0,0,0,0,0,0,0,0,0,0,0,0,0,0,0,0,0,0,0,0,0,0,0,0,0,0,0,0,0,0,0
D20180204T173600_IFCB102,04-Feb-2018 17:36:00,4.24324062083333,6,0,15,1,2,0,2,0,0,32,0,0,20,0,34,0,1,2,20,0,2,0,157,5,13,0,2,0,0,0,0,0,0,2,0,0,0,7,9,0,0,0,0,1,0,0,0,0,0,0,0,0,0,0,0,0,1,0,0,0,0,0,0,0,0,0,0,13,3,1,1,0,0,0,0,0,0,0,0,0,0,0,0,0,0
D20180204T175821_IFCB102,04-Feb-2018 17:58:21,4.21860883333333,5,0,17,1,2,0,3,0,0,38,0,0,21,0,42,0,1,3,18,0,2,2,139,4,8,0,2,0,0,0,0,0,0,8,0,0,0,7,8,1,0,0,0,2,0,0,0,1,0,0,0,0,0,0,0,0,0,0,0,0,0,0,0,0,0,2,0,4,2,0,0,0,0,0,0,0,0,1,0,0,0,0,0,0,0
D20180204T182042_IFCB102,04-Feb-2018 18:20:42,4.0457675625,10,0,12,1,4,0,3,0,0,29,0,0,25,0,38,0,2,2,26,0,6,1,189,5,14,2,3,0,0,0,0,1,0,20,0,0,0,9,7,1,0,0,0,2,0,0,0,0,0,0,0,0,0,0,0,0,0,1,0,0,0,0,0,0,0,3,0,8,5,0,0,0,0,0,0,0,0,0,0,0,0,0,0,0,0
D20180204T184304_IFCB102,04-Feb-2018 18:43:04,4.11246663333333,4,0,11,0,2,0,3,0,0,29,0,0,39,0,42,0,0,2,14,0,4,0,146,4,11,0,4,0,0,0,0,0,0,12,0,0,0,13,4,1,0,0,0,0,1,0,0,0,0,0,0,0,0,0,0,0,0,0,0,0,0,0,0,0,0,1,0,6,1,0,0,0,0,0,0,0,0,0,0,0,0,0,0,0,0
D20180204T190525_IFCB102,04-Feb-2018 19:05:25,4.121691125,10,0,14,1,3,1,1,1,0,32,0,0,22,0,41,2,0,2,16,0,6,1,161,1,10,0,4,0,0,0,0,0,0,22,0,0,0,10,6,1,0,2,0,0,0,0,0,0,0,0,0,0,0,0,0,0,0,0,0,0,0,0,0,0,0,1,0,5,5,0,0,0,0,0,0,0,0,1,0,0,0,0,0,0,0
D20180204T192746_IFCB102,04-Feb-2018 19:27:46,4.1373472125,5,0,15,2,4,0,2,0,0,41,0,0,28,0,37,0,3,3,19,0,2,0,182,3,17,0,3,0,0,0,0,0,0,12,0,0,0,16,5,0,0,1,0,0,0,0,0,0,0,0,0,0,0,0,0,0,0,0,1,0,0,0,0,0,0,0,0,5,4,0,0,0,0,0,0,0,0,0,0,0,0,0,0,0,0
D20180204T195008_IFCB102,04-Feb-2018 19:50:08,4.10384851666667,6,0,15,1,2,1,4,1,0,43,0,0,62,0,42,1,2,3,22,0,5,1,174,8,11,0,3,0,0,0,0,0,0,19,0,0,0,12,5,2,0,0,0,2,0,0,0,0,0,0,0,0,1,0,0,0,0,0,0,0,0,0,0,0,0,0,0,10,5,0,0,0,0,0,0,0,0,1,0,0,0,0,0,0,0
D20180204T201229_IFCB102,04-Feb-2018 20:12:29,4.04670484166667,11,0,13,0,3,1,1,0,0,35,0,0,44,0,64,0,1,7,33,0,12,2,194,7,15,0,1,0,0,0,0,0,0,23,0,0,0,9,3,0,0,0,0,5,0,0,0,0,0,0,0,0,0,0,0,0,1,0,0,0,0,0,0,0,0,0,0,6,2,0,0,0,0,0,0,0,0,0,0,0,0,0,0,0,0
D20180204T203450_IFCB102,04-Feb-2018 20:34:50,4.12056120833333,8,0,20,2,2,2,6,0,0,40,0,1,45,0,59,0,4,2,27,0,7,2,157,5,17,3,2,0,0,0,0,0,0,9,0,0,0,20,8,1,0,0,0,0,0,0,0,1,0,0,0,0,0,0,0,0,1,0,0,0,0,0,0,0,0,1,0,3,5,0,0,0,0,0,0,0,0,1,0,0,0,0,0,0,0
D20180204T205712_IFCB102,04-Feb-2018 20:57:12,4.0233097,18,0,21,3,3,0,6,0,0,44,0,0,59,0,74,0,4,8,46,0,8,2,185,4,13,0,6,0,0,0,0,0,0,17,0,0,0,19,8,0,0,0,0,4,0,0,0,0,0,0,0,0,0,0,0,0,2,0,0,0,0,0,0,0,0,0,0,9,3,0,0,0,0,0,0,0,0,0,0,0,0,0,0,0,0
D20180204T211933_IFCB102,04-Feb-2018 21:19:33,4.077338025,15,0,20,1,0,0,5,0,0,55,0,1,54,2,56,1,1,2,37,0,8,1,181,5,16,2,2,0,0,0,0,0,0,17,0,0,0,15,6,4,0,0,0,5,0,0,0,0,0,0,0,0,0,0,0,0,0,0,0,0,0,0,0,0,0,1,0,8,1,0,0,0,0,0,0,0,0,1,0,0,0,0,0,0,0
D20180204T214154_IFCB102,04-Feb-2018 21:41:54,4.093372025,10,0,19,0,6,0,3,0,0,32,0,0,59,1,72,1,3,12,39,0,13,2,183,5,16,0,1,0,0,0,0,0,0,14,0,0,0,14,13,0,0,1,0,2,0,0,0,0,0,0,0,0,0,0,0,0,1,0,1,0,0,0,0,0,0,1,0,7,5,0,0,0,0,0,0,0,0,1,0,0,0,0,0,0,0
D20180205T042420_IFCB102,05-Feb-2018 04:24:20,4.0569351125,21,0,37,1,4,0,9,2,1,17,0,0,17,2,43,0,5,4,6,0,4,1,212,3,12,0,3,0,0,0,0,0,0,7,0,0,0,11,9,0,0,2,0,6,0,0,0,0,0,0,0,0,0,0,0,0,0,0,0,0,0,0,0,0,0,0,0,5,2,0,0,0,0,0,0,0,0,0,0,0,0,0,0,0,0
